,pro_link,price,num_backers,has_media
0,https://www.kisskissbankbank.com/en/projects/restes-d-enfance,5.0,6,True
1,https://www.kisskissbankbank.com/en/projects/restes-d-enfance,10.0,2,False
2,https://www.kisskissbankbank.com/en/projects/restes-d-enfance,15.0,137,True
3,https://www.kisskissbankbank.com/en/projects/restes-d-enfance,25.0,34,True
4,https://www.kisskissbankbank.com/en/projects/restes-d-enfance,40.0,21,True
5,https://www.kisskissbankbank.com/en/projects/restes-d-enfance,50.0,25,True
6,https://www.kisskissbankbank.com/en/projects/restes-d-enfance,60.0,2,False
7,https://www.kisskissbankbank.com/en/projects/restes-d-enfance,100.0,6,True
8,https://www.kisskissbankbank.com/en/projects/restes-d-enfance,100.0,0,False
9,https://www.kisskissbankbank.com/en/projects/restes-d-enfance,150.0,4,False
10,https://www.kisskissbankbank.com/en/projects/restes-d-enfance,300.0,1,True
11,https://www.kisskissbankbank.com/en/projects/restes-d-enfance,500.0,1,False
12,https://www.kisskissbankbank.com/en/projects/restes-d-enfance,750.0,2,True
13,https://www.kisskissbankbank.com/en/projects/restes-d-enfance,1300.0,1,False
14,https://www.kisskissbankbank.com/en/projects/thedramatix-ep,15.0,8,True
15,https://www.kisskissbankbank.com/en/projects/thedramatix-ep,30.0,18,True
16,https://www.kisskissbankbank.com/en/projects/thedramatix-ep,50.0,6,True
17,https://www.kisskissbankbank.com/en/projects/thedramatix-ep,80.0,0,True
18,https://www.kisskissbankbank.com/en/projects/thedramatix-ep,100.0,1,True
19,https://www.kisskissbankbank.com/en/projects/thedramatix-ep,150.0,6,True
20,https://www.kisskissbankbank.com/en/projects/j-irai-voter-pour-nous-le-film,30.0,82,False
21,https://www.kisskissbankbank.com/en/projects/j-irai-voter-pour-nous-le-film,10.0,43,False
22,https://www.kisskissbankbank.com/en/projects/j-irai-voter-pour-nous-le-film,20.0,56,False
23,https://www.kisskissbankbank.com/en/projects/j-irai-voter-pour-nous-le-film,45.0,24,False
24,https://www.kisskissbankbank.com/en/projects/j-irai-voter-pour-nous-le-film,70.0,8,False
25,https://www.kisskissbankbank.com/en/projects/j-irai-voter-pour-nous-le-film,1000.0,0,False
26,https://www.kisskissbankbank.com/en/projects/j-irai-voter-pour-nous-le-film,2500.0,1,False
27,https://www.kisskissbankbank.com/en/projects/tempura-magazine,55.0,18,True
28,https://www.kisskissbankbank.com/en/projects/tempura-magazine,15.0,603,True
29,https://www.kisskissbankbank.com/en/projects/rehab,8.0,47,True
30,https://www.kisskissbankbank.com/en/projects/rehab,18.0,14,True
31,https://www.kisskissbankbank.com/en/projects/rehab,25.0,24,True
32,https://www.kisskissbankbank.com/en/projects/rehab,30.0,31,True
33,https://www.kisskissbankbank.com/en/projects/rehab,50.0,16,True
34,https://www.kisskissbankbank.com/en/projects/rehab,75.0,18,True
35,https://www.kisskissbankbank.com/en/projects/rehab,90.0,9,True
36,https://www.kisskissbankbank.com/en/projects/rehab,135.0,5,True
37,https://www.kisskissbankbank.com/en/projects/rehab,350.0,4,False
38,https://www.kisskissbankbank.com/en/projects/rehab,1000.0,0,False
39,https://www.kisskissbankbank.com/en/projects/expanding-universe-quintet,5.0,0,False
40,https://www.kisskissbankbank.com/en/projects/expanding-universe-quintet,10.0,2,False
41,https://www.kisskissbankbank.com/en/projects/expanding-universe-quintet,20.0,28,False
42,https://www.kisskissbankbank.com/en/projects/expanding-universe-quintet,40.0,5,False
43,https://www.kisskissbankbank.com/en/projects/expanding-universe-quintet,50.0,6,False
44,https://www.kisskissbankbank.com/en/projects/expanding-universe-quintet,80.0,2,False
45,https://www.kisskissbankbank.com/en/projects/expanding-universe-quintet,150.0,3,False
46,https://www.kisskissbankbank.com/en/projects/expanding-universe-quintet,300.0,4,False
47,https://www.kisskissbankbank.com/en/projects/restaurons-la-porte-romane-et-le-cloitre-de-l-ile-barbe,10.0,3,True
48,https://www.kisskissbankbank.com/en/projects/restaurons-la-porte-romane-et-le-cloitre-de-l-ile-barbe,15.0,5,True
49,https://www.kisskissbankbank.com/en/projects/restaurons-la-porte-romane-et-le-cloitre-de-l-ile-barbe,25.0,8,True
50,https://www.kisskissbankbank.com/en/projects/restaurons-la-porte-romane-et-le-cloitre-de-l-ile-barbe,32.0,11,True
51,https://www.kisskissbankbank.com/en/projects/restaurons-la-porte-romane-et-le-cloitre-de-l-ile-barbe,45.0,45,True
52,https://www.kisskissbankbank.com/en/projects/restaurons-la-porte-romane-et-le-cloitre-de-l-ile-barbe,70.0,6,True
53,https://www.kisskissbankbank.com/en/projects/restaurons-la-porte-romane-et-le-cloitre-de-l-ile-barbe,160.0,5,True
54,https://www.kisskissbankbank.com/en/projects/restaurons-la-porte-romane-et-le-cloitre-de-l-ile-barbe,300.0,17,True
55,https://www.kisskissbankbank.com/en/projects/restaurons-la-porte-romane-et-le-cloitre-de-l-ile-barbe,900.0,1,True
56,https://www.kisskissbankbank.com/en/projects/aidez-nous-a-finaliser-le-financement-de-votre-multirig-training-orc-spartan,10.0,2,True
57,https://www.kisskissbankbank.com/en/projects/aidez-nous-a-finaliser-le-financement-de-votre-multirig-training-orc-spartan,20.0,16,True
58,https://www.kisskissbankbank.com/en/projects/aidez-nous-a-finaliser-le-financement-de-votre-multirig-training-orc-spartan,40.0,10,True
59,https://www.kisskissbankbank.com/en/projects/aidez-nous-a-finaliser-le-financement-de-votre-multirig-training-orc-spartan,60.0,12,True
60,https://www.kisskissbankbank.com/en/projects/aidez-nous-a-finaliser-le-financement-de-votre-multirig-training-orc-spartan,100.0,7,True
61,https://www.kisskissbankbank.com/en/projects/aidez-nous-a-finaliser-le-financement-de-votre-multirig-training-orc-spartan,200.0,5,True
62,https://www.kisskissbankbank.com/en/projects/aidez-nous-a-finaliser-le-financement-de-votre-multirig-training-orc-spartan,500.0,2,True
63,https://www.kisskissbankbank.com/en/projects/aidez-nous-a-finaliser-le-financement-de-votre-multirig-training-orc-spartan,1000.0,0,True
64,https://www.kisskissbankbank.com/en/projects/etc-ma-nouvelle-collection,10.0,2,False
65,https://www.kisskissbankbank.com/en/projects/etc-ma-nouvelle-collection,10.0,0,True
66,https://www.kisskissbankbank.com/en/projects/etc-ma-nouvelle-collection,30.0,4,True
67,https://www.kisskissbankbank.com/en/projects/etc-ma-nouvelle-collection,50.0,6,True
68,https://www.kisskissbankbank.com/en/projects/etc-ma-nouvelle-collection,100.0,5,True
69,https://www.kisskissbankbank.com/en/projects/etc-ma-nouvelle-collection,200.0,1,True
70,https://www.kisskissbankbank.com/en/projects/etc-ma-nouvelle-collection,300.0,2,True
71,https://www.kisskissbankbank.com/en/projects/etc-ma-nouvelle-collection,500.0,0,True
72,https://www.kisskissbankbank.com/en/projects/un-toit-pour-nos-tetes-vertes,5.0,10,True
73,https://www.kisskissbankbank.com/en/projects/un-toit-pour-nos-tetes-vertes,15.0,19,True
74,https://www.kisskissbankbank.com/en/projects/un-toit-pour-nos-tetes-vertes,30.0,17,True
75,https://www.kisskissbankbank.com/en/projects/un-toit-pour-nos-tetes-vertes,50.0,26,True
76,https://www.kisskissbankbank.com/en/projects/un-toit-pour-nos-tetes-vertes,80.0,7,False
77,https://www.kisskissbankbank.com/en/projects/un-toit-pour-nos-tetes-vertes,150.0,2,True
78,https://www.kisskissbankbank.com/en/projects/un-toit-pour-nos-tetes-vertes,250.0,1,True
79,https://www.kisskissbankbank.com/en/projects/centre-de-yoga-kundalini-saadh-sangat,25.0,5,True
80,https://www.kisskissbankbank.com/en/projects/centre-de-yoga-kundalini-saadh-sangat,50.0,9,True
81,https://www.kisskissbankbank.com/en/projects/centre-de-yoga-kundalini-saadh-sangat,200.0,2,True
82,https://www.kisskissbankbank.com/en/projects/centre-de-yoga-kundalini-saadh-sangat,250.0,3,True
83,https://www.kisskissbankbank.com/en/projects/centre-de-yoga-kundalini-saadh-sangat,550.0,1,True
84,https://www.kisskissbankbank.com/en/projects/centre-de-yoga-kundalini-saadh-sangat,1000.0,0,True
85,https://www.kisskissbankbank.com/en/projects/1kit-1sourire,10.0,33,False
86,https://www.kisskissbankbank.com/en/projects/1kit-1sourire,1.0,3,False
87,https://www.kisskissbankbank.com/en/projects/1kit-1sourire,30.0,21,False
88,https://www.kisskissbankbank.com/en/projects/1kit-1sourire,50.0,16,False
89,https://www.kisskissbankbank.com/en/projects/1kit-1sourire,100.0,2,False
90,https://www.kisskissbankbank.com/en/projects/poesie-davantage,50.0,23,False
91,https://www.kisskissbankbank.com/en/projects/poesie-davantage,10.0,7,False
92,https://www.kisskissbankbank.com/en/projects/poesie-davantage,30.0,19,False
93,https://www.kisskissbankbank.com/en/projects/poesie-davantage,85.0,2,False
94,https://www.kisskissbankbank.com/en/projects/poesie-davantage,120.0,6,False
95,https://www.kisskissbankbank.com/en/projects/poesie-davantage,200.0,1,False
96,https://www.kisskissbankbank.com/en/projects/poesie-davantage,350.0,0,False
97,https://www.kisskissbankbank.com/en/projects/repulpons-nos-dechets-avec-repulp,10.0,79,True
98,https://www.kisskissbankbank.com/en/projects/repulpons-nos-dechets-avec-repulp,20.0,0,False
99,https://www.kisskissbankbank.com/en/projects/repulpons-nos-dechets-avec-repulp,22.0,28,True
100,https://www.kisskissbankbank.com/en/projects/repulpons-nos-dechets-avec-repulp,35.0,92,True
101,https://www.kisskissbankbank.com/en/projects/repulpons-nos-dechets-avec-repulp,45.0,44,True
102,https://www.kisskissbankbank.com/en/projects/repulpons-nos-dechets-avec-repulp,50.0,7,True
103,https://www.kisskissbankbank.com/en/projects/repulpons-nos-dechets-avec-repulp,70.0,16,True
104,https://www.kisskissbankbank.com/en/projects/repulpons-nos-dechets-avec-repulp,120.0,6,True
105,https://www.kisskissbankbank.com/en/projects/repulpons-nos-dechets-avec-repulp,150.0,9,True
106,https://www.kisskissbankbank.com/en/projects/repulpons-nos-dechets-avec-repulp,450.0,1,True
107,https://www.kisskissbankbank.com/en/projects/epmayeul,20.0,10,False
108,https://www.kisskissbankbank.com/en/projects/epmayeul,10.0,9,False
109,https://www.kisskissbankbank.com/en/projects/epmayeul,15.0,10,False
110,https://www.kisskissbankbank.com/en/projects/epmayeul,30.0,14,False
111,https://www.kisskissbankbank.com/en/projects/epmayeul,40.0,3,False
112,https://www.kisskissbankbank.com/en/projects/epmayeul,50.0,15,False
113,https://www.kisskissbankbank.com/en/projects/epmayeul,250.0,1,False
114,https://www.kisskissbankbank.com/en/projects/epmayeul,500.0,0,False
115,https://www.kisskissbankbank.com/en/projects/epmayeul,900.0,0,False
116,https://www.kisskissbankbank.com/en/projects/epmayeul,1500.0,1,False
117,https://www.kisskissbankbank.com/en/projects/la-cantine-nomade-camion-gourmand-traiteur-et-catering,10.0,3,True
118,https://www.kisskissbankbank.com/en/projects/la-cantine-nomade-camion-gourmand-traiteur-et-catering,5.0,1,True
119,https://www.kisskissbankbank.com/en/projects/la-cantine-nomade-camion-gourmand-traiteur-et-catering,25.0,4,True
120,https://www.kisskissbankbank.com/en/projects/la-cantine-nomade-camion-gourmand-traiteur-et-catering,25.0,1,True
121,https://www.kisskissbankbank.com/en/projects/la-cantine-nomade-camion-gourmand-traiteur-et-catering,50.0,8,True
122,https://www.kisskissbankbank.com/en/projects/la-cantine-nomade-camion-gourmand-traiteur-et-catering,50.0,2,True
123,https://www.kisskissbankbank.com/en/projects/la-cantine-nomade-camion-gourmand-traiteur-et-catering,100.0,4,True
124,https://www.kisskissbankbank.com/en/projects/la-cantine-nomade-camion-gourmand-traiteur-et-catering,100.0,3,True
125,https://www.kisskissbankbank.com/en/projects/la-cantine-nomade-camion-gourmand-traiteur-et-catering,500.0,2,True
126,https://www.kisskissbankbank.com/en/projects/la-cantine-nomade-camion-gourmand-traiteur-et-catering,1000.0,1,True
127,https://www.kisskissbankbank.com/en/projects/ping-progress,40.0,34,True
128,https://www.kisskissbankbank.com/en/projects/ping-progress,5.0,36,False
129,https://www.kisskissbankbank.com/en/projects/ping-progress,10.0,52,True
130,https://www.kisskissbankbank.com/en/projects/ping-progress,20.0,30,True
131,https://www.kisskissbankbank.com/en/projects/ping-progress,30.0,9,True
132,https://www.kisskissbankbank.com/en/projects/ping-progress,60.0,6,True
133,https://www.kisskissbankbank.com/en/projects/ping-progress,60.0,5,True
134,https://www.kisskissbankbank.com/en/projects/ping-progress,100.0,3,True
135,https://www.kisskissbankbank.com/en/projects/ping-progress,150.0,0,True
136,https://www.kisskissbankbank.com/en/projects/ping-progress,200.0,0,True
137,https://www.kisskissbankbank.com/en/projects/ping-progress,500.0,0,True
138,https://www.kisskissbankbank.com/en/projects/bisou-le-premier-ep-de-pauline-bisou,10.0,11,False
139,https://www.kisskissbankbank.com/en/projects/bisou-le-premier-ep-de-pauline-bisou,20.0,9,False
140,https://www.kisskissbankbank.com/en/projects/bisou-le-premier-ep-de-pauline-bisou,30.0,9,False
141,https://www.kisskissbankbank.com/en/projects/bisou-le-premier-ep-de-pauline-bisou,50.0,6,False
142,https://www.kisskissbankbank.com/en/projects/bisou-le-premier-ep-de-pauline-bisou,80.0,2,False
143,https://www.kisskissbankbank.com/en/projects/bisou-le-premier-ep-de-pauline-bisou,100.0,7,False
144,https://www.kisskissbankbank.com/en/projects/bisou-le-premier-ep-de-pauline-bisou,200.0,3,False
145,https://www.kisskissbankbank.com/en/projects/bisou-le-premier-ep-de-pauline-bisou,500.0,1,False
146,https://www.kisskissbankbank.com/en/projects/bisou-le-premier-ep-de-pauline-bisou,1000.0,0,False
147,https://www.kisskissbankbank.com/en/projects/bisou-le-premier-ep-de-pauline-bisou,2000.0,0,False
148,https://www.kisskissbankbank.com/en/projects/album-yoruk,10.0,12,True
149,https://www.kisskissbankbank.com/en/projects/album-yoruk,15.0,32,True
150,https://www.kisskissbankbank.com/en/projects/album-yoruk,20.0,7,True
151,https://www.kisskissbankbank.com/en/projects/album-yoruk,25.0,8,True
152,https://www.kisskissbankbank.com/en/projects/album-yoruk,30.0,19,True
153,https://www.kisskissbankbank.com/en/projects/album-yoruk,50.0,3,True
154,https://www.kisskissbankbank.com/en/projects/album-yoruk,80.0,2,True
155,https://www.kisskissbankbank.com/en/projects/album-yoruk,100.0,1,True
156,https://www.kisskissbankbank.com/en/projects/album-yoruk,150.0,1,True
157,https://www.kisskissbankbank.com/en/projects/album-yoruk,500.0,0,True
158,https://www.kisskissbankbank.com/en/projects/l-art-des-naufrages-album-clip-d-emma-daumas,5.0,11,False
159,https://www.kisskissbankbank.com/en/projects/l-art-des-naufrages-album-clip-d-emma-daumas,20.0,19,False
160,https://www.kisskissbankbank.com/en/projects/l-art-des-naufrages-album-clip-d-emma-daumas,35.0,32,False
161,https://www.kisskissbankbank.com/en/projects/l-art-des-naufrages-album-clip-d-emma-daumas,50.0,52,False
162,https://www.kisskissbankbank.com/en/projects/l-art-des-naufrages-album-clip-d-emma-daumas,100.0,14,False
163,https://www.kisskissbankbank.com/en/projects/l-art-des-naufrages-album-clip-d-emma-daumas,200.0,16,False
164,https://www.kisskissbankbank.com/en/projects/l-art-des-naufrages-album-clip-d-emma-daumas,400.0,2,False
165,https://www.kisskissbankbank.com/en/projects/l-art-des-naufrages-album-clip-d-emma-daumas,600.0,1,False
166,https://www.kisskissbankbank.com/en/projects/l-art-des-naufrages-album-clip-d-emma-daumas,900.0,2,False
167,https://www.kisskissbankbank.com/en/projects/l-art-des-naufrages-album-clip-d-emma-daumas,2000.0,1,False
168,https://www.kisskissbankbank.com/en/projects/couvre-feu-curfew,100.0,13,True
169,https://www.kisskissbankbank.com/en/projects/couvre-feu-curfew,10.0,2,True
170,https://www.kisskissbankbank.com/en/projects/couvre-feu-curfew,25.0,8,True
171,https://www.kisskissbankbank.com/en/projects/couvre-feu-curfew,50.0,12,True
172,https://www.kisskissbankbank.com/en/projects/couvre-feu-curfew,250.0,5,True
173,https://www.kisskissbankbank.com/en/projects/couvre-feu-curfew,750.0,1,True
174,https://www.kisskissbankbank.com/en/projects/paris-boca-cantina-argentina,40.0,28,False
175,https://www.kisskissbankbank.com/en/projects/paris-boca-cantina-argentina,10.0,4,False
176,https://www.kisskissbankbank.com/en/projects/paris-boca-cantina-argentina,20.0,3,False
177,https://www.kisskissbankbank.com/en/projects/paris-boca-cantina-argentina,60.0,3,True
178,https://www.kisskissbankbank.com/en/projects/paris-boca-cantina-argentina,90.0,34,False
179,https://www.kisskissbankbank.com/en/projects/paris-boca-cantina-argentina,150.0,6,False
180,https://www.kisskissbankbank.com/en/projects/paris-boca-cantina-argentina,500.0,3,False
181,https://www.kisskissbankbank.com/en/projects/20-ruches-pour-ma-terre-d-accueil,20.0,4,False
182,https://www.kisskissbankbank.com/en/projects/20-ruches-pour-ma-terre-d-accueil,50.0,16,False
183,https://www.kisskissbankbank.com/en/projects/20-ruches-pour-ma-terre-d-accueil,75.0,4,False
184,https://www.kisskissbankbank.com/en/projects/20-ruches-pour-ma-terre-d-accueil,100.0,6,False
185,https://www.kisskissbankbank.com/en/projects/20-ruches-pour-ma-terre-d-accueil,200.0,0,False
186,https://www.kisskissbankbank.com/en/projects/20-ruches-pour-ma-terre-d-accueil,500.0,1,False
187,https://www.kisskissbankbank.com/en/projects/sortie-de-clips-louisett,700.0,1,True
188,https://www.kisskissbankbank.com/en/projects/sortie-de-clips-louisett,5.0,5,True
189,https://www.kisskissbankbank.com/en/projects/sortie-de-clips-louisett,10.0,14,True
190,https://www.kisskissbankbank.com/en/projects/sortie-de-clips-louisett,15.0,26,True
191,https://www.kisskissbankbank.com/en/projects/sortie-de-clips-louisett,30.0,22,True
192,https://www.kisskissbankbank.com/en/projects/sortie-de-clips-louisett,350.0,1,True
193,https://www.kisskissbankbank.com/en/projects/une-chance-pour-une-vie-meilleur-aidons-les-enfants-dans-les-rues-d-afrique,5.0,2,True
194,https://www.kisskissbankbank.com/en/projects/une-chance-pour-une-vie-meilleur-aidons-les-enfants-dans-les-rues-d-afrique,10.0,0,True
195,https://www.kisskissbankbank.com/en/projects/une-chance-pour-une-vie-meilleur-aidons-les-enfants-dans-les-rues-d-afrique,15.0,1,True
196,https://www.kisskissbankbank.com/en/projects/une-chance-pour-une-vie-meilleur-aidons-les-enfants-dans-les-rues-d-afrique,25.0,1,True
197,https://www.kisskissbankbank.com/en/projects/une-chance-pour-une-vie-meilleur-aidons-les-enfants-dans-les-rues-d-afrique,30.0,1,True
198,https://www.kisskissbankbank.com/en/projects/une-chance-pour-une-vie-meilleur-aidons-les-enfants-dans-les-rues-d-afrique,40.0,1,True
199,https://www.kisskissbankbank.com/en/projects/une-chance-pour-une-vie-meilleur-aidons-les-enfants-dans-les-rues-d-afrique,50.0,5,True
200,https://www.kisskissbankbank.com/en/projects/une-chance-pour-une-vie-meilleur-aidons-les-enfants-dans-les-rues-d-afrique,100.0,2,True
201,https://www.kisskissbankbank.com/en/projects/une-chance-pour-une-vie-meilleur-aidons-les-enfants-dans-les-rues-d-afrique,150.0,2,True
202,https://www.kisskissbankbank.com/en/projects/une-chance-pour-une-vie-meilleur-aidons-les-enfants-dans-les-rues-d-afrique,1000.0,0,True
203,https://www.kisskissbankbank.com/en/projects/mazette-un-ano-di-amor,50.0,3,True
204,https://www.kisskissbankbank.com/en/projects/mazette-un-ano-di-amor,5.0,3,False
205,https://www.kisskissbankbank.com/en/projects/mazette-un-ano-di-amor,25.0,3,False
206,https://www.kisskissbankbank.com/en/projects/developpement-technique-de-meteo-pyrenees,50.0,30,True
207,https://www.kisskissbankbank.com/en/projects/developpement-technique-de-meteo-pyrenees,10.0,12,True
208,https://www.kisskissbankbank.com/en/projects/developpement-technique-de-meteo-pyrenees,15.0,32,True
209,https://www.kisskissbankbank.com/en/projects/developpement-technique-de-meteo-pyrenees,25.0,9,True
210,https://www.kisskissbankbank.com/en/projects/developpement-technique-de-meteo-pyrenees,250.0,0,False
211,https://www.kisskissbankbank.com/en/projects/developpement-technique-de-meteo-pyrenees,1000.0,1,False
212,https://www.kisskissbankbank.com/en/projects/transat-jacques-vabre-2021-pourquoi-pas-nous,100.0,42,False
213,https://www.kisskissbankbank.com/en/projects/transat-jacques-vabre-2021-pourquoi-pas-nous,10.0,9,False
214,https://www.kisskissbankbank.com/en/projects/transat-jacques-vabre-2021-pourquoi-pas-nous,20.0,21,False
215,https://www.kisskissbankbank.com/en/projects/transat-jacques-vabre-2021-pourquoi-pas-nous,50.0,19,False
216,https://www.kisskissbankbank.com/en/projects/transat-jacques-vabre-2021-pourquoi-pas-nous,500.0,8,False
217,https://www.kisskissbankbank.com/en/projects/transat-jacques-vabre-2021-pourquoi-pas-nous,1000.0,0,False
218,https://www.kisskissbankbank.com/en/projects/pisciculture-normand-truites-produits-locaux-de-qualite-en-circuit-court,30.0,23,True
219,https://www.kisskissbankbank.com/en/projects/pisciculture-normand-truites-produits-locaux-de-qualite-en-circuit-court,6.0,1,True
220,https://www.kisskissbankbank.com/en/projects/pisciculture-normand-truites-produits-locaux-de-qualite-en-circuit-court,10.0,15,True
221,https://www.kisskissbankbank.com/en/projects/pisciculture-normand-truites-produits-locaux-de-qualite-en-circuit-court,50.0,21,True
222,https://www.kisskissbankbank.com/en/projects/levolcan,50.0,66,True
223,https://www.kisskissbankbank.com/en/projects/levolcan,3.0,39,True
224,https://www.kisskissbankbank.com/en/projects/levolcan,8.0,24,True
225,https://www.kisskissbankbank.com/en/projects/levolcan,10.0,13,True
226,https://www.kisskissbankbank.com/en/projects/levolcan,15.0,28,True
227,https://www.kisskissbankbank.com/en/projects/levolcan,20.0,31,True
228,https://www.kisskissbankbank.com/en/projects/levolcan,20.0,41,True
229,https://www.kisskissbankbank.com/en/projects/levolcan,40.0,5,True
230,https://www.kisskissbankbank.com/en/projects/levolcan,60.0,4,True
231,https://www.kisskissbankbank.com/en/projects/levolcan,60.0,15,True
232,https://www.kisskissbankbank.com/en/projects/levolcan,70.0,3,True
233,https://www.kisskissbankbank.com/en/projects/levolcan,90.0,1,True
234,https://www.kisskissbankbank.com/en/projects/levolcan,100.0,7,True
235,https://www.kisskissbankbank.com/en/projects/levolcan,240.0,0,True
236,https://www.kisskissbankbank.com/en/projects/levolcan,400.0,1,True
237,https://www.kisskissbankbank.com/en/projects/levolcan,420.0,0,True
238,https://www.kisskissbankbank.com/en/projects/levolcan,600.0,1,True
239,https://www.kisskissbankbank.com/en/projects/levolcan,1000.0,0,True
240,https://www.kisskissbankbank.com/en/projects/table-boulangerie-engagee,20.0,9,True
241,https://www.kisskissbankbank.com/en/projects/table-boulangerie-engagee,10.0,18,True
242,https://www.kisskissbankbank.com/en/projects/table-boulangerie-engagee,30.0,3,True
243,https://www.kisskissbankbank.com/en/projects/table-boulangerie-engagee,40.0,8,True
244,https://www.kisskissbankbank.com/en/projects/table-boulangerie-engagee,70.0,1,True
245,https://www.kisskissbankbank.com/en/projects/table-boulangerie-engagee,100.0,2,True
246,https://www.kisskissbankbank.com/en/projects/table-boulangerie-engagee,200.0,1,True
247,https://www.kisskissbankbank.com/en/projects/table-boulangerie-engagee,400.0,0,True
248,https://www.kisskissbankbank.com/en/projects/ibiza-horse-valley,10.0,49,True
249,https://www.kisskissbankbank.com/en/projects/ibiza-horse-valley,50.0,45,True
250,https://www.kisskissbankbank.com/en/projects/ibiza-horse-valley,150.0,27,True
251,https://www.kisskissbankbank.com/en/projects/ibiza-horse-valley,500.0,4,True
252,https://www.kisskissbankbank.com/en/projects/ob2,35.0,70,True
253,https://www.kisskissbankbank.com/en/projects/ob2,10.0,7,True
254,https://www.kisskissbankbank.com/en/projects/ob2,20.0,79,True
255,https://www.kisskissbankbank.com/en/projects/ob2,50.0,31,True
256,https://www.kisskissbankbank.com/en/projects/ob2,100.0,23,True
257,https://www.kisskissbankbank.com/en/projects/ob2,200.0,1,True
258,https://www.kisskissbankbank.com/en/projects/ob2,500.0,2,True
259,https://www.kisskissbankbank.com/en/projects/playschool-l-album-la-garderie,10.0,18,False
260,https://www.kisskissbankbank.com/en/projects/playschool-l-album-la-garderie,20.0,37,False
261,https://www.kisskissbankbank.com/en/projects/playschool-l-album-la-garderie,50.0,26,True
262,https://www.kisskissbankbank.com/en/projects/playschool-l-album-la-garderie,75.0,1,False
263,https://www.kisskissbankbank.com/en/projects/playschool-l-album-la-garderie,100.0,7,False
264,https://www.kisskissbankbank.com/en/projects/playschool-l-album-la-garderie,500.0,0,False
265,https://www.kisskissbankbank.com/en/projects/playschool-l-album-la-garderie,1000.0,0,False
266,https://www.kisskissbankbank.com/en/projects/sick16,15.0,90,True
267,https://www.kisskissbankbank.com/en/projects/sick16,25.0,29,True
268,https://www.kisskissbankbank.com/en/projects/sick16,25.0,20,True
269,https://www.kisskissbankbank.com/en/projects/sick16,225.0,9,True
270,https://www.kisskissbankbank.com/en/projects/sick16,25.0,6,True
271,https://www.kisskissbankbank.com/en/projects/sick16,14.0,29,True
272,https://www.kisskissbankbank.com/en/projects/sick16,24.0,7,True
273,https://www.kisskissbankbank.com/en/projects/sick16,25.0,31,True
274,https://www.kisskissbankbank.com/en/projects/sick16,45.0,29,True
275,https://www.kisskissbankbank.com/en/projects/sick16,54.0,4,True
276,https://www.kisskissbankbank.com/en/projects/sick16,75.0,11,True
277,https://www.kisskissbankbank.com/en/projects/sick16,160.0,9,True
278,https://www.kisskissbankbank.com/en/projects/teaserlappat,15.0,11,False
279,https://www.kisskissbankbank.com/en/projects/teaserlappat,5.0,7,False
280,https://www.kisskissbankbank.com/en/projects/teaserlappat,30.0,14,False
281,https://www.kisskissbankbank.com/en/projects/teaserlappat,50.0,8,False
282,https://www.kisskissbankbank.com/en/projects/teaserlappat,80.0,5,False
283,https://www.kisskissbankbank.com/en/projects/etienne-de-la-sayette-kobugi,5.0,8,False
284,https://www.kisskissbankbank.com/en/projects/etienne-de-la-sayette-kobugi,15.0,20,True
285,https://www.kisskissbankbank.com/en/projects/etienne-de-la-sayette-kobugi,20.0,27,True
286,https://www.kisskissbankbank.com/en/projects/etienne-de-la-sayette-kobugi,25.0,13,True
287,https://www.kisskissbankbank.com/en/projects/etienne-de-la-sayette-kobugi,25.0,4,True
288,https://www.kisskissbankbank.com/en/projects/etienne-de-la-sayette-kobugi,25.0,9,True
289,https://www.kisskissbankbank.com/en/projects/etienne-de-la-sayette-kobugi,30.0,21,True
290,https://www.kisskissbankbank.com/en/projects/etienne-de-la-sayette-kobugi,30.0,5,True
291,https://www.kisskissbankbank.com/en/projects/etienne-de-la-sayette-kobugi,30.0,3,True
292,https://www.kisskissbankbank.com/en/projects/etienne-de-la-sayette-kobugi,30.0,4,True
293,https://www.kisskissbankbank.com/en/projects/etienne-de-la-sayette-kobugi,35.0,7,True
294,https://www.kisskissbankbank.com/en/projects/etienne-de-la-sayette-kobugi,35.0,8,True
295,https://www.kisskissbankbank.com/en/projects/etienne-de-la-sayette-kobugi,400.0,0,False
296,https://www.kisskissbankbank.com/en/projects/collection-extraculte-4-films-cultes-en-dvd-blu-ray-collector,74.0,24,True
297,https://www.kisskissbankbank.com/en/projects/collection-extraculte-4-films-cultes-en-dvd-blu-ray-collector,16.0,29,True
298,https://www.kisskissbankbank.com/en/projects/collection-extraculte-4-films-cultes-en-dvd-blu-ray-collector,16.0,20,True
299,https://www.kisskissbankbank.com/en/projects/collection-extraculte-4-films-cultes-en-dvd-blu-ray-collector,21.0,8,True
300,https://www.kisskissbankbank.com/en/projects/collection-extraculte-4-films-cultes-en-dvd-blu-ray-collector,21.0,15,True
301,https://www.kisskissbankbank.com/en/projects/collection-extraculte-4-films-cultes-en-dvd-blu-ray-collector,36.0,10,True
302,https://www.kisskissbankbank.com/en/projects/collection-extraculte-4-films-cultes-en-dvd-blu-ray-collector,59.0,27,True
303,https://www.kisskissbankbank.com/en/projects/collection-extraculte-4-films-cultes-en-dvd-blu-ray-collector,119.0,1,True
304,https://www.kisskissbankbank.com/en/projects/spectacle-musical-theatralise-en-hommage-a-renaud-le-chanteur-enervant,125.0,8,True
305,https://www.kisskissbankbank.com/en/projects/spectacle-musical-theatralise-en-hommage-a-renaud-le-chanteur-enervant,5.0,2,True
306,https://www.kisskissbankbank.com/en/projects/spectacle-musical-theatralise-en-hommage-a-renaud-le-chanteur-enervant,10.0,13,True
307,https://www.kisskissbankbank.com/en/projects/spectacle-musical-theatralise-en-hommage-a-renaud-le-chanteur-enervant,25.0,5,True
308,https://www.kisskissbankbank.com/en/projects/spectacle-musical-theatralise-en-hommage-a-renaud-le-chanteur-enervant,50.0,16,True
309,https://www.kisskissbankbank.com/en/projects/spectacle-musical-theatralise-en-hommage-a-renaud-le-chanteur-enervant,250.0,2,True
310,https://www.kisskissbankbank.com/en/projects/spectacle-musical-theatralise-en-hommage-a-renaud-le-chanteur-enervant,500.0,2,True
311,https://www.kisskissbankbank.com/en/projects/spectacle-musical-theatralise-en-hommage-a-renaud-le-chanteur-enervant,1450.0,1,True
312,https://www.kisskissbankbank.com/en/projects/smokey-banh-mi-street-food-vietnamienne-a-lille,30.0,48,True
313,https://www.kisskissbankbank.com/en/projects/smokey-banh-mi-street-food-vietnamienne-a-lille,10.0,6,False
314,https://www.kisskissbankbank.com/en/projects/smokey-banh-mi-street-food-vietnamienne-a-lille,20.0,6,True
315,https://www.kisskissbankbank.com/en/projects/smokey-banh-mi-street-food-vietnamienne-a-lille,60.0,15,True
316,https://www.kisskissbankbank.com/en/projects/smokey-banh-mi-street-food-vietnamienne-a-lille,100.0,1,True
317,https://www.kisskissbankbank.com/en/projects/smokey-banh-mi-street-food-vietnamienne-a-lille,100.0,27,True
318,https://www.kisskissbankbank.com/en/projects/smokey-banh-mi-street-food-vietnamienne-a-lille,150.0,6,True
319,https://www.kisskissbankbank.com/en/projects/smokey-banh-mi-street-food-vietnamienne-a-lille,500.0,1,True
320,https://www.kisskissbankbank.com/en/projects/horizon-le-nouvel-album-d-eric-bettens,30.0,32,False
321,https://www.kisskissbankbank.com/en/projects/horizon-le-nouvel-album-d-eric-bettens,5.0,8,True
322,https://www.kisskissbankbank.com/en/projects/horizon-le-nouvel-album-d-eric-bettens,10.0,1,False
323,https://www.kisskissbankbank.com/en/projects/horizon-le-nouvel-album-d-eric-bettens,15.0,5,True
324,https://www.kisskissbankbank.com/en/projects/horizon-le-nouvel-album-d-eric-bettens,20.0,43,True
325,https://www.kisskissbankbank.com/en/projects/horizon-le-nouvel-album-d-eric-bettens,40.0,5,False
326,https://www.kisskissbankbank.com/en/projects/horizon-le-nouvel-album-d-eric-bettens,50.0,11,True
327,https://www.kisskissbankbank.com/en/projects/horizon-le-nouvel-album-d-eric-bettens,55.0,4,True
328,https://www.kisskissbankbank.com/en/projects/horizon-le-nouvel-album-d-eric-bettens,65.0,4,True
329,https://www.kisskissbankbank.com/en/projects/horizon-le-nouvel-album-d-eric-bettens,75.0,2,False
330,https://www.kisskissbankbank.com/en/projects/horizon-le-nouvel-album-d-eric-bettens,100.0,2,False
331,https://www.kisskissbankbank.com/en/projects/horizon-le-nouvel-album-d-eric-bettens,125.0,2,False
332,https://www.kisskissbankbank.com/en/projects/horizon-le-nouvel-album-d-eric-bettens,150.0,0,True
333,https://www.kisskissbankbank.com/en/projects/horizon-le-nouvel-album-d-eric-bettens,250.0,0,True
334,https://www.kisskissbankbank.com/en/projects/horizon-le-nouvel-album-d-eric-bettens,350.0,0,False
335,https://www.kisskissbankbank.com/en/projects/horizon-le-nouvel-album-d-eric-bettens,500.0,1,True
336,https://www.kisskissbankbank.com/en/projects/horizon-le-nouvel-album-d-eric-bettens,1000.0,0,True
337,https://www.kisskissbankbank.com/en/projects/de-l-eau-potable-pour-tous-senegal,5.0,2,False
338,https://www.kisskissbankbank.com/en/projects/de-l-eau-potable-pour-tous-senegal,25.0,1,False
339,https://www.kisskissbankbank.com/en/projects/de-l-eau-potable-pour-tous-senegal,75.0,0,False
340,https://www.kisskissbankbank.com/en/projects/de-l-eau-potable-pour-tous-senegal,100.0,2,False
341,https://www.kisskissbankbank.com/en/projects/de-l-eau-potable-pour-tous-senegal,150.0,1,False
342,https://www.kisskissbankbank.com/en/projects/brasserie-olystik,10.0,2,False
343,https://www.kisskissbankbank.com/en/projects/brasserie-olystik,20.0,15,False
344,https://www.kisskissbankbank.com/en/projects/brasserie-olystik,50.0,14,False
345,https://www.kisskissbankbank.com/en/projects/brasserie-olystik,80.0,9,False
346,https://www.kisskissbankbank.com/en/projects/brasserie-olystik,120.0,5,False
347,https://www.kisskissbankbank.com/en/projects/brasserie-olystik,150.0,2,False
348,https://www.kisskissbankbank.com/en/projects/enregistrement-du-premier-disque-du-panoramic-project-nature-is-inside,15.0,12,False
349,https://www.kisskissbankbank.com/en/projects/enregistrement-du-premier-disque-du-panoramic-project-nature-is-inside,20.0,21,False
350,https://www.kisskissbankbank.com/en/projects/enregistrement-du-premier-disque-du-panoramic-project-nature-is-inside,25.0,12,False
351,https://www.kisskissbankbank.com/en/projects/enregistrement-du-premier-disque-du-panoramic-project-nature-is-inside,45.0,4,False
352,https://www.kisskissbankbank.com/en/projects/enregistrement-du-premier-disque-du-panoramic-project-nature-is-inside,50.0,3,False
353,https://www.kisskissbankbank.com/en/projects/enregistrement-du-premier-disque-du-panoramic-project-nature-is-inside,70.0,5,False
354,https://www.kisskissbankbank.com/en/projects/enregistrement-du-premier-disque-du-panoramic-project-nature-is-inside,90.0,1,False
355,https://www.kisskissbankbank.com/en/projects/enregistrement-du-premier-disque-du-panoramic-project-nature-is-inside,120.0,0,False
356,https://www.kisskissbankbank.com/en/projects/enregistrement-du-premier-disque-du-panoramic-project-nature-is-inside,250.0,0,False
357,https://www.kisskissbankbank.com/en/projects/enregistrement-du-premier-disque-du-panoramic-project-nature-is-inside,500.0,0,False
358,https://www.kisskissbankbank.com/en/projects/enregistrement-du-premier-disque-du-panoramic-project-nature-is-inside,500.0,0,False
359,https://www.kisskissbankbank.com/en/projects/enregistrement-du-premier-disque-du-panoramic-project-nature-is-inside,500.0,0,False
360,https://www.kisskissbankbank.com/en/projects/enregistrement-du-premier-disque-du-panoramic-project-nature-is-inside,500.0,0,False
361,https://www.kisskissbankbank.com/en/projects/enregistrement-du-premier-disque-du-panoramic-project-nature-is-inside,500.0,0,False
362,https://www.kisskissbankbank.com/en/projects/enregistrement-du-premier-disque-du-panoramic-project-nature-is-inside,1000.0,0,False
363,https://www.kisskissbankbank.com/en/projects/enregistrement-du-premier-disque-du-panoramic-project-nature-is-inside,1500.0,0,True
364,https://www.kisskissbankbank.com/en/projects/enregistrement-du-premier-disque-du-panoramic-project-nature-is-inside,3000.0,0,True
365,https://www.kisskissbankbank.com/en/projects/montfermeil-hollywood,10.0,28,False
366,https://www.kisskissbankbank.com/en/projects/montfermeil-hollywood,15.0,10,False
367,https://www.kisskissbankbank.com/en/projects/montfermeil-hollywood,20.0,19,False
368,https://www.kisskissbankbank.com/en/projects/montfermeil-hollywood,30.0,21,False
369,https://www.kisskissbankbank.com/en/projects/montfermeil-hollywood,50.0,33,False
370,https://www.kisskissbankbank.com/en/projects/montfermeil-hollywood,70.0,2,False
371,https://www.kisskissbankbank.com/en/projects/montfermeil-hollywood,100.0,11,False
372,https://www.kisskissbankbank.com/en/projects/montfermeil-hollywood,200.0,4,False
373,https://www.kisskissbankbank.com/en/projects/montfermeil-hollywood,400.0,2,False
374,https://www.kisskissbankbank.com/en/projects/montfermeil-hollywood,500.0,4,False
375,https://www.kisskissbankbank.com/en/projects/montfermeil-hollywood,1000.0,1,False
376,https://www.kisskissbankbank.com/en/projects/montfermeil-hollywood,1500.0,0,False
377,https://www.kisskissbankbank.com/en/projects/montfermeil-hollywood,2000.0,2,False
378,https://www.kisskissbankbank.com/en/projects/montfermeil-hollywood,10000.0,0,False
379,https://www.kisskissbankbank.com/en/projects/un-atelier-boutique-dedie-au-zero-dechet,75.0,4,True
380,https://www.kisskissbankbank.com/en/projects/un-atelier-boutique-dedie-au-zero-dechet,10.0,10,True
381,https://www.kisskissbankbank.com/en/projects/un-atelier-boutique-dedie-au-zero-dechet,20.0,19,True
382,https://www.kisskissbankbank.com/en/projects/un-atelier-boutique-dedie-au-zero-dechet,50.0,13,True
383,https://www.kisskissbankbank.com/en/projects/un-atelier-boutique-dedie-au-zero-dechet,100.0,7,True
384,https://www.kisskissbankbank.com/en/projects/un-atelier-boutique-dedie-au-zero-dechet,180.0,0,True
385,https://www.kisskissbankbank.com/en/projects/un-atelier-boutique-dedie-au-zero-dechet,250.0,1,True
386,https://www.kisskissbankbank.com/en/projects/un-atelier-boutique-dedie-au-zero-dechet,500.0,0,True
387,https://www.kisskissbankbank.com/en/projects/volte-une-adaptation-theatrale-de-la-zone-du-dehors,10.0,34,True
388,https://www.kisskissbankbank.com/en/projects/volte-une-adaptation-theatrale-de-la-zone-du-dehors,25.0,46,True
389,https://www.kisskissbankbank.com/en/projects/volte-une-adaptation-theatrale-de-la-zone-du-dehors,40.0,25,True
390,https://www.kisskissbankbank.com/en/projects/volte-une-adaptation-theatrale-de-la-zone-du-dehors,80.0,14,True
391,https://www.kisskissbankbank.com/en/projects/volte-une-adaptation-theatrale-de-la-zone-du-dehors,150.0,8,True
392,https://www.kisskissbankbank.com/en/projects/volte-une-adaptation-theatrale-de-la-zone-du-dehors,300.0,0,True
393,https://www.kisskissbankbank.com/en/projects/volte-une-adaptation-theatrale-de-la-zone-du-dehors,600.0,0,True
394,https://www.kisskissbankbank.com/en/projects/des-mots-pour-des-maux,10.0,18,True
395,https://www.kisskissbankbank.com/en/projects/des-mots-pour-des-maux,15.0,13,True
396,https://www.kisskissbankbank.com/en/projects/des-mots-pour-des-maux,25.0,18,True
397,https://www.kisskissbankbank.com/en/projects/des-mots-pour-des-maux,40.0,2,True
398,https://www.kisskissbankbank.com/en/projects/des-mots-pour-des-maux,50.0,14,True
399,https://www.kisskissbankbank.com/en/projects/des-mots-pour-des-maux,70.0,2,True
400,https://www.kisskissbankbank.com/en/projects/des-mots-pour-des-maux,100.0,8,True
401,https://www.kisskissbankbank.com/en/projects/des-mots-pour-des-maux,200.0,1,True
402,https://www.kisskissbankbank.com/en/projects/des-mots-pour-des-maux,500.0,1,True
403,https://www.kisskissbankbank.com/en/projects/alkabaya-nouvelalbum,5.0,0,True
404,https://www.kisskissbankbank.com/en/projects/alkabaya-nouvelalbum,10.0,5,True
405,https://www.kisskissbankbank.com/en/projects/alkabaya-nouvelalbum,12.0,20,True
406,https://www.kisskissbankbank.com/en/projects/alkabaya-nouvelalbum,30.0,24,True
407,https://www.kisskissbankbank.com/en/projects/alkabaya-nouvelalbum,45.0,14,True
408,https://www.kisskissbankbank.com/en/projects/alkabaya-nouvelalbum,60.0,1,True
409,https://www.kisskissbankbank.com/en/projects/alkabaya-nouvelalbum,80.0,13,True
410,https://www.kisskissbankbank.com/en/projects/alkabaya-nouvelalbum,80.0,4,True
411,https://www.kisskissbankbank.com/en/projects/alkabaya-nouvelalbum,200.0,0,True
412,https://www.kisskissbankbank.com/en/projects/alkabaya-nouvelalbum,600.0,1,True
413,https://www.kisskissbankbank.com/en/projects/alkabaya-nouvelalbum,1200.0,0,True
414,https://www.kisskissbankbank.com/en/projects/les-canoubieres-la-performance-pour-toutes-en-voilier,100.0,12,True
415,https://www.kisskissbankbank.com/en/projects/les-canoubieres-la-performance-pour-toutes-en-voilier,5.0,14,False
416,https://www.kisskissbankbank.com/en/projects/les-canoubieres-la-performance-pour-toutes-en-voilier,10.0,37,True
417,https://www.kisskissbankbank.com/en/projects/les-canoubieres-la-performance-pour-toutes-en-voilier,30.0,23,True
418,https://www.kisskissbankbank.com/en/projects/les-canoubieres-la-performance-pour-toutes-en-voilier,60.0,5,True
419,https://www.kisskissbankbank.com/en/projects/les-canoubieres-la-performance-pour-toutes-en-voilier,70.0,1,True
420,https://www.kisskissbankbank.com/en/projects/les-canoubieres-la-performance-pour-toutes-en-voilier,150.0,0,True
421,https://www.kisskissbankbank.com/en/projects/les-canoubieres-la-performance-pour-toutes-en-voilier,500.0,2,True
422,https://www.kisskissbankbank.com/en/projects/duo-nrw2,60.0,6,True
423,https://www.kisskissbankbank.com/en/projects/duo-nrw2,10.0,12,True
424,https://www.kisskissbankbank.com/en/projects/duo-nrw2,30.0,20,True
425,https://www.kisskissbankbank.com/en/projects/duo-nrw2,100.0,15,True
426,https://www.kisskissbankbank.com/en/projects/duo-nrw2,300.0,2,True
427,https://www.kisskissbankbank.com/en/projects/projet-participatif-concert-en-russie-et-achat-d-une-guitare-professionnelle,20.0,18,False
428,https://www.kisskissbankbank.com/en/projects/projet-participatif-concert-en-russie-et-achat-d-une-guitare-professionnelle,50.0,15,False
429,https://www.kisskissbankbank.com/en/projects/projet-participatif-concert-en-russie-et-achat-d-une-guitare-professionnelle,75.0,2,False
430,https://www.kisskissbankbank.com/en/projects/projet-participatif-concert-en-russie-et-achat-d-une-guitare-professionnelle,100.0,11,False
431,https://www.kisskissbankbank.com/en/projects/projet-participatif-concert-en-russie-et-achat-d-une-guitare-professionnelle,500.0,2,False
432,https://www.kisskissbankbank.com/en/projects/projet-participatif-concert-en-russie-et-achat-d-une-guitare-professionnelle,1500.0,0,False
433,https://www.kisskissbankbank.com/en/projects/fausta-ep-ananas,10.0,13,True
434,https://www.kisskissbankbank.com/en/projects/fausta-ep-ananas,20.0,41,True
435,https://www.kisskissbankbank.com/en/projects/fausta-ep-ananas,30.0,2,True
436,https://www.kisskissbankbank.com/en/projects/fausta-ep-ananas,50.0,14,True
437,https://www.kisskissbankbank.com/en/projects/fausta-ep-ananas,100.0,2,True
438,https://www.kisskissbankbank.com/en/projects/fausta-ep-ananas,300.0,0,True
439,https://www.kisskissbankbank.com/en/projects/fausta-ep-ananas,500.0,0,True
440,https://www.kisskissbankbank.com/en/projects/fausta-ep-ananas,1000.0,0,True
441,https://www.kisskissbankbank.com/en/projects/api-vrac-bio,25.0,0,False
442,https://www.kisskissbankbank.com/en/projects/api-vrac-bio,5.0,4,False
443,https://www.kisskissbankbank.com/en/projects/api-vrac-bio,10.0,2,True
444,https://www.kisskissbankbank.com/en/projects/api-vrac-bio,25.0,6,True
445,https://www.kisskissbankbank.com/en/projects/api-vrac-bio,50.0,0,True
446,https://www.kisskissbankbank.com/en/projects/api-vrac-bio,50.0,0,False
447,https://www.kisskissbankbank.com/en/projects/api-vrac-bio,50.0,3,True
448,https://www.kisskissbankbank.com/en/projects/api-vrac-bio,50.0,5,True
449,https://www.kisskissbankbank.com/en/projects/api-vrac-bio,100.0,3,True
450,https://www.kisskissbankbank.com/en/projects/api-vrac-bio,100.0,0,False
451,https://www.kisskissbankbank.com/en/projects/api-vrac-bio,100.0,1,True
452,https://www.kisskissbankbank.com/en/projects/api-vrac-bio,100.0,1,True
453,https://www.kisskissbankbank.com/en/projects/api-vrac-bio,200.0,0,True
454,https://www.kisskissbankbank.com/en/projects/api-vrac-bio,200.0,0,True
455,https://www.kisskissbankbank.com/en/projects/equipe-sans-frontieres-paris-equipe-sans-frontieres-paris,10.0,5,False
456,https://www.kisskissbankbank.com/en/projects/equipe-sans-frontieres-paris-equipe-sans-frontieres-paris,30.0,4,False
457,https://www.kisskissbankbank.com/en/projects/equipe-sans-frontieres-paris-equipe-sans-frontieres-paris,50.0,7,False
458,https://www.kisskissbankbank.com/en/projects/equipe-sans-frontieres-paris-equipe-sans-frontieres-paris,100.0,3,False
459,https://www.kisskissbankbank.com/en/projects/parallele-x-pikip-son-solaire-durable,10.0,27,True
460,https://www.kisskissbankbank.com/en/projects/parallele-x-pikip-son-solaire-durable,20.0,54,True
461,https://www.kisskissbankbank.com/en/projects/parallele-x-pikip-son-solaire-durable,30.0,38,True
462,https://www.kisskissbankbank.com/en/projects/parallele-x-pikip-son-solaire-durable,50.0,32,True
463,https://www.kisskissbankbank.com/en/projects/parallele-x-pikip-son-solaire-durable,70.0,14,True
464,https://www.kisskissbankbank.com/en/projects/parallele-x-pikip-son-solaire-durable,100.0,21,True
465,https://www.kisskissbankbank.com/en/projects/parallele-x-pikip-son-solaire-durable,500.0,8,True
466,https://www.kisskissbankbank.com/en/projects/tchoukadane-premier-album-le-vent-de-face,7.0,8,False
467,https://www.kisskissbankbank.com/en/projects/tchoukadane-premier-album-le-vent-de-face,15.0,52,False
468,https://www.kisskissbankbank.com/en/projects/tchoukadane-premier-album-le-vent-de-face,30.0,16,False
469,https://www.kisskissbankbank.com/en/projects/tchoukadane-premier-album-le-vent-de-face,45.0,8,False
470,https://www.kisskissbankbank.com/en/projects/tchoukadane-premier-album-le-vent-de-face,60.0,3,False
471,https://www.kisskissbankbank.com/en/projects/tchoukadane-premier-album-le-vent-de-face,70.0,0,False
472,https://www.kisskissbankbank.com/en/projects/tchoukadane-premier-album-le-vent-de-face,85.0,0,False
473,https://www.kisskissbankbank.com/en/projects/tchoukadane-premier-album-le-vent-de-face,100.0,4,False
474,https://www.kisskissbankbank.com/en/projects/tchoukadane-premier-album-le-vent-de-face,300.0,0,False
475,https://www.kisskissbankbank.com/en/projects/zakkids-creations-originales-pour-enfants-reveurs-made-in-france,50.0,27,True
476,https://www.kisskissbankbank.com/en/projects/zakkids-creations-originales-pour-enfants-reveurs-made-in-france,10.0,22,True
477,https://www.kisskissbankbank.com/en/projects/zakkids-creations-originales-pour-enfants-reveurs-made-in-france,10.0,4,True
478,https://www.kisskissbankbank.com/en/projects/zakkids-creations-originales-pour-enfants-reveurs-made-in-france,15.0,10,True
479,https://www.kisskissbankbank.com/en/projects/zakkids-creations-originales-pour-enfants-reveurs-made-in-france,20.0,2,True
480,https://www.kisskissbankbank.com/en/projects/zakkids-creations-originales-pour-enfants-reveurs-made-in-france,20.0,1,True
481,https://www.kisskissbankbank.com/en/projects/zakkids-creations-originales-pour-enfants-reveurs-made-in-france,30.0,4,True
482,https://www.kisskissbankbank.com/en/projects/zakkids-creations-originales-pour-enfants-reveurs-made-in-france,30.0,6,True
483,https://www.kisskissbankbank.com/en/projects/zakkids-creations-originales-pour-enfants-reveurs-made-in-france,40.0,0,True
484,https://www.kisskissbankbank.com/en/projects/zakkids-creations-originales-pour-enfants-reveurs-made-in-france,40.0,16,True
485,https://www.kisskissbankbank.com/en/projects/zakkids-creations-originales-pour-enfants-reveurs-made-in-france,70.0,6,True
486,https://www.kisskissbankbank.com/en/projects/zakkids-creations-originales-pour-enfants-reveurs-made-in-france,100.0,3,True
487,https://www.kisskissbankbank.com/en/projects/zakkids-creations-originales-pour-enfants-reveurs-made-in-france,200.0,2,True
488,https://www.kisskissbankbank.com/en/projects/livre-disque-sans-nom-yves-beal-mikael-depalma-les-passeurs,8.0,5,False
489,https://www.kisskissbankbank.com/en/projects/livre-disque-sans-nom-yves-beal-mikael-depalma-les-passeurs,12.0,6,False
490,https://www.kisskissbankbank.com/en/projects/livre-disque-sans-nom-yves-beal-mikael-depalma-les-passeurs,15.0,44,False
491,https://www.kisskissbankbank.com/en/projects/livre-disque-sans-nom-yves-beal-mikael-depalma-les-passeurs,25.0,29,False
492,https://www.kisskissbankbank.com/en/projects/livre-disque-sans-nom-yves-beal-mikael-depalma-les-passeurs,30.0,20,False
493,https://www.kisskissbankbank.com/en/projects/livre-disque-sans-nom-yves-beal-mikael-depalma-les-passeurs,50.0,18,False
494,https://www.kisskissbankbank.com/en/projects/livre-disque-sans-nom-yves-beal-mikael-depalma-les-passeurs,80.0,6,False
495,https://www.kisskissbankbank.com/en/projects/livre-disque-sans-nom-yves-beal-mikael-depalma-les-passeurs,500.0,1,False
496,https://www.kisskissbankbank.com/en/projects/boutique-mangerzen-com,25.0,33,True
497,https://www.kisskissbankbank.com/en/projects/boutique-mangerzen-com,5.0,4,True
498,https://www.kisskissbankbank.com/en/projects/boutique-mangerzen-com,10.0,17,True
499,https://www.kisskissbankbank.com/en/projects/boutique-mangerzen-com,50.0,17,True
500,https://www.kisskissbankbank.com/en/projects/boutique-mangerzen-com,100.0,8,True
501,https://www.kisskissbankbank.com/en/projects/boutique-mangerzen-com,200.0,1,True
502,https://www.kisskissbankbank.com/en/projects/francois-jauvion-le-livre-enfin,5.0,12,True
503,https://www.kisskissbankbank.com/en/projects/francois-jauvion-le-livre-enfin,40.0,113,True
504,https://www.kisskissbankbank.com/en/projects/francois-jauvion-le-livre-enfin,70.0,8,True
505,https://www.kisskissbankbank.com/en/projects/francois-jauvion-le-livre-enfin,150.0,23,True
506,https://www.kisskissbankbank.com/en/projects/francois-jauvion-le-livre-enfin,1000.0,6,True
507,https://www.kisskissbankbank.com/en/projects/les-petits-saints-des-bandeaux-penses-pour-les-minis-boobs,5.0,23,True
508,https://www.kisskissbankbank.com/en/projects/les-petits-saints-des-bandeaux-penses-pour-les-minis-boobs,8.0,33,True
509,https://www.kisskissbankbank.com/en/projects/les-petits-saints-des-bandeaux-penses-pour-les-minis-boobs,19.0,35,True
510,https://www.kisskissbankbank.com/en/projects/les-petits-saints-des-bandeaux-penses-pour-les-minis-boobs,24.0,12,True
511,https://www.kisskissbankbank.com/en/projects/les-petits-saints-des-bandeaux-penses-pour-les-minis-boobs,39.0,20,True
512,https://www.kisskissbankbank.com/en/projects/les-petits-saints-des-bandeaux-penses-pour-les-minis-boobs,40.0,4,True
513,https://www.kisskissbankbank.com/en/projects/les-petits-saints-des-bandeaux-penses-pour-les-minis-boobs,45.0,5,True
514,https://www.kisskissbankbank.com/en/projects/les-petits-saints-des-bandeaux-penses-pour-les-minis-boobs,50.0,4,True
515,https://www.kisskissbankbank.com/en/projects/https-www-sweetmagazine-net,5.0,9,False
516,https://www.kisskissbankbank.com/en/projects/https-www-sweetmagazine-net,10.0,20,False
517,https://www.kisskissbankbank.com/en/projects/https-www-sweetmagazine-net,15.0,6,False
518,https://www.kisskissbankbank.com/en/projects/https-www-sweetmagazine-net,20.0,73,False
519,https://www.kisskissbankbank.com/en/projects/https-www-sweetmagazine-net,50.0,28,False
520,https://www.kisskissbankbank.com/en/projects/https-www-sweetmagazine-net,100.0,9,False
521,https://www.kisskissbankbank.com/en/projects/https-www-sweetmagazine-net,150.0,3,False
522,https://www.kisskissbankbank.com/en/projects/https-www-sweetmagazine-net,250.0,1,False
523,https://www.kisskissbankbank.com/en/projects/https-www-sweetmagazine-net,500.0,1,False
524,https://www.kisskissbankbank.com/en/projects/transat-jacques-vabre-2021-pourquoi-pas-nous,100.0,42,False
525,https://www.kisskissbankbank.com/en/projects/transat-jacques-vabre-2021-pourquoi-pas-nous,10.0,9,False
526,https://www.kisskissbankbank.com/en/projects/transat-jacques-vabre-2021-pourquoi-pas-nous,20.0,21,False
527,https://www.kisskissbankbank.com/en/projects/transat-jacques-vabre-2021-pourquoi-pas-nous,50.0,19,False
528,https://www.kisskissbankbank.com/en/projects/transat-jacques-vabre-2021-pourquoi-pas-nous,500.0,8,False
529,https://www.kisskissbankbank.com/en/projects/transat-jacques-vabre-2021-pourquoi-pas-nous,1000.0,0,False
530,https://www.kisskissbankbank.com/en/projects/pisciculture-normand-truites-produits-locaux-de-qualite-en-circuit-court,30.0,23,True
531,https://www.kisskissbankbank.com/en/projects/pisciculture-normand-truites-produits-locaux-de-qualite-en-circuit-court,6.0,1,True
532,https://www.kisskissbankbank.com/en/projects/pisciculture-normand-truites-produits-locaux-de-qualite-en-circuit-court,10.0,15,True
533,https://www.kisskissbankbank.com/en/projects/pisciculture-normand-truites-produits-locaux-de-qualite-en-circuit-court,50.0,21,True
534,https://www.kisskissbankbank.com/en/projects/levolcan,50.0,66,True
535,https://www.kisskissbankbank.com/en/projects/levolcan,3.0,39,True
536,https://www.kisskissbankbank.com/en/projects/levolcan,8.0,24,True
537,https://www.kisskissbankbank.com/en/projects/levolcan,10.0,13,True
538,https://www.kisskissbankbank.com/en/projects/levolcan,15.0,28,True
539,https://www.kisskissbankbank.com/en/projects/levolcan,20.0,31,True
540,https://www.kisskissbankbank.com/en/projects/levolcan,20.0,41,True
541,https://www.kisskissbankbank.com/en/projects/levolcan,40.0,5,True
542,https://www.kisskissbankbank.com/en/projects/levolcan,60.0,4,True
543,https://www.kisskissbankbank.com/en/projects/levolcan,60.0,15,True
544,https://www.kisskissbankbank.com/en/projects/levolcan,70.0,3,True
545,https://www.kisskissbankbank.com/en/projects/levolcan,90.0,1,True
546,https://www.kisskissbankbank.com/en/projects/levolcan,100.0,7,True
547,https://www.kisskissbankbank.com/en/projects/levolcan,240.0,0,True
548,https://www.kisskissbankbank.com/en/projects/levolcan,400.0,1,True
549,https://www.kisskissbankbank.com/en/projects/levolcan,420.0,0,True
550,https://www.kisskissbankbank.com/en/projects/levolcan,600.0,1,True
551,https://www.kisskissbankbank.com/en/projects/levolcan,1000.0,0,True
552,https://www.kisskissbankbank.com/en/projects/table-boulangerie-engagee,20.0,9,True
553,https://www.kisskissbankbank.com/en/projects/table-boulangerie-engagee,10.0,18,True
554,https://www.kisskissbankbank.com/en/projects/table-boulangerie-engagee,30.0,3,True
555,https://www.kisskissbankbank.com/en/projects/table-boulangerie-engagee,40.0,8,True
556,https://www.kisskissbankbank.com/en/projects/table-boulangerie-engagee,70.0,1,True
557,https://www.kisskissbankbank.com/en/projects/table-boulangerie-engagee,100.0,2,True
558,https://www.kisskissbankbank.com/en/projects/table-boulangerie-engagee,200.0,1,True
559,https://www.kisskissbankbank.com/en/projects/table-boulangerie-engagee,400.0,0,True
560,https://www.kisskissbankbank.com/en/projects/ibiza-horse-valley,10.0,49,True
561,https://www.kisskissbankbank.com/en/projects/ibiza-horse-valley,50.0,45,True
562,https://www.kisskissbankbank.com/en/projects/ibiza-horse-valley,150.0,27,True
563,https://www.kisskissbankbank.com/en/projects/ibiza-horse-valley,500.0,4,True
564,https://www.kisskissbankbank.com/en/projects/ob2,35.0,70,True
565,https://www.kisskissbankbank.com/en/projects/ob2,10.0,7,True
566,https://www.kisskissbankbank.com/en/projects/ob2,20.0,79,True
567,https://www.kisskissbankbank.com/en/projects/ob2,50.0,31,True
568,https://www.kisskissbankbank.com/en/projects/ob2,100.0,23,True
569,https://www.kisskissbankbank.com/en/projects/ob2,200.0,1,True
570,https://www.kisskissbankbank.com/en/projects/ob2,500.0,2,True
571,https://www.kisskissbankbank.com/en/projects/playschool-l-album-la-garderie,10.0,18,False
572,https://www.kisskissbankbank.com/en/projects/playschool-l-album-la-garderie,20.0,37,False
573,https://www.kisskissbankbank.com/en/projects/playschool-l-album-la-garderie,50.0,26,True
574,https://www.kisskissbankbank.com/en/projects/playschool-l-album-la-garderie,75.0,1,False
575,https://www.kisskissbankbank.com/en/projects/playschool-l-album-la-garderie,100.0,7,False
576,https://www.kisskissbankbank.com/en/projects/playschool-l-album-la-garderie,500.0,0,False
577,https://www.kisskissbankbank.com/en/projects/playschool-l-album-la-garderie,1000.0,0,False
578,https://www.kisskissbankbank.com/en/projects/sick16,15.0,90,True
579,https://www.kisskissbankbank.com/en/projects/sick16,25.0,29,True
580,https://www.kisskissbankbank.com/en/projects/sick16,25.0,20,True
581,https://www.kisskissbankbank.com/en/projects/sick16,225.0,9,True
582,https://www.kisskissbankbank.com/en/projects/sick16,25.0,6,True
583,https://www.kisskissbankbank.com/en/projects/sick16,14.0,29,True
584,https://www.kisskissbankbank.com/en/projects/sick16,24.0,7,True
585,https://www.kisskissbankbank.com/en/projects/sick16,25.0,31,True
586,https://www.kisskissbankbank.com/en/projects/sick16,45.0,29,True
587,https://www.kisskissbankbank.com/en/projects/sick16,54.0,4,True
588,https://www.kisskissbankbank.com/en/projects/sick16,75.0,11,True
589,https://www.kisskissbankbank.com/en/projects/sick16,160.0,9,True
590,https://www.kisskissbankbank.com/en/projects/teaserlappat,15.0,11,False
591,https://www.kisskissbankbank.com/en/projects/teaserlappat,5.0,7,False
592,https://www.kisskissbankbank.com/en/projects/teaserlappat,30.0,14,False
593,https://www.kisskissbankbank.com/en/projects/teaserlappat,50.0,8,False
594,https://www.kisskissbankbank.com/en/projects/teaserlappat,80.0,5,False
595,https://www.kisskissbankbank.com/en/projects/transat-jacques-vabre-2021-pourquoi-pas-nous,100.0,42,False
596,https://www.kisskissbankbank.com/en/projects/transat-jacques-vabre-2021-pourquoi-pas-nous,10.0,9,False
597,https://www.kisskissbankbank.com/en/projects/transat-jacques-vabre-2021-pourquoi-pas-nous,20.0,21,False
598,https://www.kisskissbankbank.com/en/projects/transat-jacques-vabre-2021-pourquoi-pas-nous,50.0,19,False
599,https://www.kisskissbankbank.com/en/projects/transat-jacques-vabre-2021-pourquoi-pas-nous,500.0,8,False
600,https://www.kisskissbankbank.com/en/projects/transat-jacques-vabre-2021-pourquoi-pas-nous,1000.0,0,False
601,https://www.kisskissbankbank.com/en/projects/pisciculture-normand-truites-produits-locaux-de-qualite-en-circuit-court,30.0,23,True
602,https://www.kisskissbankbank.com/en/projects/pisciculture-normand-truites-produits-locaux-de-qualite-en-circuit-court,6.0,1,True
603,https://www.kisskissbankbank.com/en/projects/pisciculture-normand-truites-produits-locaux-de-qualite-en-circuit-court,10.0,15,True
604,https://www.kisskissbankbank.com/en/projects/pisciculture-normand-truites-produits-locaux-de-qualite-en-circuit-court,50.0,21,True
605,https://www.kisskissbankbank.com/en/projects/levolcan,50.0,66,True
606,https://www.kisskissbankbank.com/en/projects/levolcan,3.0,39,True
607,https://www.kisskissbankbank.com/en/projects/levolcan,8.0,24,True
608,https://www.kisskissbankbank.com/en/projects/levolcan,10.0,13,True
609,https://www.kisskissbankbank.com/en/projects/levolcan,15.0,28,True
610,https://www.kisskissbankbank.com/en/projects/levolcan,20.0,31,True
611,https://www.kisskissbankbank.com/en/projects/levolcan,20.0,41,True
612,https://www.kisskissbankbank.com/en/projects/levolcan,40.0,5,True
613,https://www.kisskissbankbank.com/en/projects/levolcan,60.0,4,True
614,https://www.kisskissbankbank.com/en/projects/levolcan,60.0,15,True
615,https://www.kisskissbankbank.com/en/projects/levolcan,70.0,3,True
616,https://www.kisskissbankbank.com/en/projects/levolcan,90.0,1,True
617,https://www.kisskissbankbank.com/en/projects/levolcan,100.0,7,True
618,https://www.kisskissbankbank.com/en/projects/levolcan,240.0,0,True
619,https://www.kisskissbankbank.com/en/projects/levolcan,400.0,1,True
620,https://www.kisskissbankbank.com/en/projects/levolcan,420.0,0,True
621,https://www.kisskissbankbank.com/en/projects/levolcan,600.0,1,True
622,https://www.kisskissbankbank.com/en/projects/levolcan,1000.0,0,True
623,https://www.kisskissbankbank.com/en/projects/table-boulangerie-engagee,20.0,9,True
624,https://www.kisskissbankbank.com/en/projects/table-boulangerie-engagee,10.0,18,True
625,https://www.kisskissbankbank.com/en/projects/table-boulangerie-engagee,30.0,3,True
626,https://www.kisskissbankbank.com/en/projects/table-boulangerie-engagee,40.0,8,True
627,https://www.kisskissbankbank.com/en/projects/table-boulangerie-engagee,70.0,1,True
628,https://www.kisskissbankbank.com/en/projects/table-boulangerie-engagee,100.0,2,True
629,https://www.kisskissbankbank.com/en/projects/table-boulangerie-engagee,200.0,1,True
630,https://www.kisskissbankbank.com/en/projects/table-boulangerie-engagee,400.0,0,True
631,https://www.kisskissbankbank.com/en/projects/ibiza-horse-valley,10.0,49,True
632,https://www.kisskissbankbank.com/en/projects/ibiza-horse-valley,50.0,45,True
633,https://www.kisskissbankbank.com/en/projects/ibiza-horse-valley,150.0,27,True
634,https://www.kisskissbankbank.com/en/projects/ibiza-horse-valley,500.0,4,True
635,https://www.kisskissbankbank.com/en/projects/ob2,35.0,70,True
636,https://www.kisskissbankbank.com/en/projects/ob2,10.0,7,True
637,https://www.kisskissbankbank.com/en/projects/ob2,20.0,79,True
638,https://www.kisskissbankbank.com/en/projects/ob2,50.0,31,True
639,https://www.kisskissbankbank.com/en/projects/ob2,100.0,23,True
640,https://www.kisskissbankbank.com/en/projects/ob2,200.0,1,True
641,https://www.kisskissbankbank.com/en/projects/ob2,500.0,2,True
642,https://www.kisskissbankbank.com/en/projects/playschool-l-album-la-garderie,10.0,18,False
643,https://www.kisskissbankbank.com/en/projects/playschool-l-album-la-garderie,20.0,37,False
644,https://www.kisskissbankbank.com/en/projects/playschool-l-album-la-garderie,50.0,26,True
645,https://www.kisskissbankbank.com/en/projects/playschool-l-album-la-garderie,75.0,1,False
646,https://www.kisskissbankbank.com/en/projects/playschool-l-album-la-garderie,100.0,7,False
647,https://www.kisskissbankbank.com/en/projects/playschool-l-album-la-garderie,500.0,0,False
648,https://www.kisskissbankbank.com/en/projects/playschool-l-album-la-garderie,1000.0,0,False
649,https://www.kisskissbankbank.com/en/projects/sick16,15.0,90,True
650,https://www.kisskissbankbank.com/en/projects/sick16,25.0,29,True
651,https://www.kisskissbankbank.com/en/projects/sick16,25.0,20,True
652,https://www.kisskissbankbank.com/en/projects/sick16,225.0,9,True
653,https://www.kisskissbankbank.com/en/projects/sick16,25.0,6,True
654,https://www.kisskissbankbank.com/en/projects/sick16,14.0,29,True
655,https://www.kisskissbankbank.com/en/projects/sick16,24.0,7,True
656,https://www.kisskissbankbank.com/en/projects/sick16,25.0,31,True
657,https://www.kisskissbankbank.com/en/projects/sick16,45.0,29,True
658,https://www.kisskissbankbank.com/en/projects/sick16,54.0,4,True
659,https://www.kisskissbankbank.com/en/projects/sick16,75.0,11,True
660,https://www.kisskissbankbank.com/en/projects/sick16,160.0,9,True
661,https://www.kisskissbankbank.com/en/projects/teaserlappat,15.0,11,False
662,https://www.kisskissbankbank.com/en/projects/teaserlappat,5.0,7,False
663,https://www.kisskissbankbank.com/en/projects/teaserlappat,30.0,14,False
664,https://www.kisskissbankbank.com/en/projects/teaserlappat,50.0,8,False
665,https://www.kisskissbankbank.com/en/projects/teaserlappat,80.0,5,False
666,https://www.kisskissbankbank.com/en/projects/transat-jacques-vabre-2021-pourquoi-pas-nous,100.0,42,False
667,https://www.kisskissbankbank.com/en/projects/transat-jacques-vabre-2021-pourquoi-pas-nous,10.0,9,False
668,https://www.kisskissbankbank.com/en/projects/transat-jacques-vabre-2021-pourquoi-pas-nous,20.0,21,False
669,https://www.kisskissbankbank.com/en/projects/transat-jacques-vabre-2021-pourquoi-pas-nous,50.0,19,False
670,https://www.kisskissbankbank.com/en/projects/transat-jacques-vabre-2021-pourquoi-pas-nous,500.0,8,False
671,https://www.kisskissbankbank.com/en/projects/transat-jacques-vabre-2021-pourquoi-pas-nous,1000.0,0,False
672,https://www.kisskissbankbank.com/en/projects/pisciculture-normand-truites-produits-locaux-de-qualite-en-circuit-court,30.0,23,True
673,https://www.kisskissbankbank.com/en/projects/pisciculture-normand-truites-produits-locaux-de-qualite-en-circuit-court,6.0,1,True
674,https://www.kisskissbankbank.com/en/projects/pisciculture-normand-truites-produits-locaux-de-qualite-en-circuit-court,10.0,15,True
675,https://www.kisskissbankbank.com/en/projects/pisciculture-normand-truites-produits-locaux-de-qualite-en-circuit-court,50.0,21,True
676,https://www.kisskissbankbank.com/en/projects/levolcan,50.0,66,True
677,https://www.kisskissbankbank.com/en/projects/levolcan,3.0,39,True
678,https://www.kisskissbankbank.com/en/projects/levolcan,8.0,24,True
679,https://www.kisskissbankbank.com/en/projects/levolcan,10.0,13,True
680,https://www.kisskissbankbank.com/en/projects/levolcan,15.0,28,True
681,https://www.kisskissbankbank.com/en/projects/levolcan,20.0,31,True
682,https://www.kisskissbankbank.com/en/projects/levolcan,20.0,41,True
683,https://www.kisskissbankbank.com/en/projects/levolcan,40.0,5,True
684,https://www.kisskissbankbank.com/en/projects/levolcan,60.0,4,True
685,https://www.kisskissbankbank.com/en/projects/levolcan,60.0,15,True
686,https://www.kisskissbankbank.com/en/projects/levolcan,70.0,3,True
687,https://www.kisskissbankbank.com/en/projects/levolcan,90.0,1,True
688,https://www.kisskissbankbank.com/en/projects/levolcan,100.0,7,True
689,https://www.kisskissbankbank.com/en/projects/levolcan,240.0,0,True
690,https://www.kisskissbankbank.com/en/projects/levolcan,400.0,1,True
691,https://www.kisskissbankbank.com/en/projects/levolcan,420.0,0,True
692,https://www.kisskissbankbank.com/en/projects/levolcan,600.0,1,True
693,https://www.kisskissbankbank.com/en/projects/levolcan,1000.0,0,True
694,https://www.kisskissbankbank.com/en/projects/table-boulangerie-engagee,20.0,9,True
695,https://www.kisskissbankbank.com/en/projects/table-boulangerie-engagee,10.0,18,True
696,https://www.kisskissbankbank.com/en/projects/table-boulangerie-engagee,30.0,3,True
697,https://www.kisskissbankbank.com/en/projects/table-boulangerie-engagee,40.0,8,True
698,https://www.kisskissbankbank.com/en/projects/table-boulangerie-engagee,70.0,1,True
699,https://www.kisskissbankbank.com/en/projects/table-boulangerie-engagee,100.0,2,True
700,https://www.kisskissbankbank.com/en/projects/table-boulangerie-engagee,200.0,1,True
701,https://www.kisskissbankbank.com/en/projects/table-boulangerie-engagee,400.0,0,True
702,https://www.kisskissbankbank.com/en/projects/ibiza-horse-valley,10.0,49,True
703,https://www.kisskissbankbank.com/en/projects/ibiza-horse-valley,50.0,45,True
704,https://www.kisskissbankbank.com/en/projects/ibiza-horse-valley,150.0,27,True
705,https://www.kisskissbankbank.com/en/projects/ibiza-horse-valley,500.0,4,True
706,https://www.kisskissbankbank.com/en/projects/ob2,35.0,70,True
707,https://www.kisskissbankbank.com/en/projects/ob2,10.0,7,True
708,https://www.kisskissbankbank.com/en/projects/ob2,20.0,79,True
709,https://www.kisskissbankbank.com/en/projects/ob2,50.0,31,True
710,https://www.kisskissbankbank.com/en/projects/ob2,100.0,23,True
711,https://www.kisskissbankbank.com/en/projects/ob2,200.0,1,True
712,https://www.kisskissbankbank.com/en/projects/ob2,500.0,2,True
713,https://www.kisskissbankbank.com/en/projects/playschool-l-album-la-garderie,10.0,18,False
714,https://www.kisskissbankbank.com/en/projects/playschool-l-album-la-garderie,20.0,37,False
715,https://www.kisskissbankbank.com/en/projects/playschool-l-album-la-garderie,50.0,26,True
716,https://www.kisskissbankbank.com/en/projects/playschool-l-album-la-garderie,75.0,1,False
717,https://www.kisskissbankbank.com/en/projects/playschool-l-album-la-garderie,100.0,7,False
718,https://www.kisskissbankbank.com/en/projects/playschool-l-album-la-garderie,500.0,0,False
719,https://www.kisskissbankbank.com/en/projects/playschool-l-album-la-garderie,1000.0,0,False
720,https://www.kisskissbankbank.com/en/projects/sick16,15.0,90,True
721,https://www.kisskissbankbank.com/en/projects/sick16,25.0,29,True
722,https://www.kisskissbankbank.com/en/projects/sick16,25.0,20,True
723,https://www.kisskissbankbank.com/en/projects/sick16,225.0,9,True
724,https://www.kisskissbankbank.com/en/projects/sick16,25.0,6,True
725,https://www.kisskissbankbank.com/en/projects/sick16,14.0,29,True
726,https://www.kisskissbankbank.com/en/projects/sick16,24.0,7,True
727,https://www.kisskissbankbank.com/en/projects/sick16,25.0,31,True
728,https://www.kisskissbankbank.com/en/projects/sick16,45.0,29,True
729,https://www.kisskissbankbank.com/en/projects/sick16,54.0,4,True
730,https://www.kisskissbankbank.com/en/projects/sick16,75.0,11,True
731,https://www.kisskissbankbank.com/en/projects/sick16,160.0,9,True
732,https://www.kisskissbankbank.com/en/projects/teaserlappat,15.0,11,False
733,https://www.kisskissbankbank.com/en/projects/teaserlappat,5.0,7,False
734,https://www.kisskissbankbank.com/en/projects/teaserlappat,30.0,14,False
735,https://www.kisskissbankbank.com/en/projects/teaserlappat,50.0,8,False
736,https://www.kisskissbankbank.com/en/projects/teaserlappat,80.0,5,False
