,pro_link,title,status,percentage_fund,funded,target,end_date,backers,subcategory,thumbnail_type,number_rewards,min_price,max_price,num_news,num_comments,num_contributions,creater_link,language,short_des
0,https://www.kisskissbankbank.com/en/projects/table-boulangerie-engagee,"Cassava, table & boulangerie artisanale engagée",Successful,106,"€4,225","Out of €4,000",01/12/2021,42,"Organic,Locavore,Local Development",png,8,10.0,400.0,1,16,46,https://www.kisskissbankbank.com/en/users/valerie-lucas-399ca103-b417-455e-aa2f-a510af01e378,fr,Participez à la naissance de Cassava à la Réunion! Le mariage d'une boulangerie artisanale au levain et d'une table éco-responsable
1,https://www.kisskissbankbank.com/en/projects/ibiza-horse-valley,IBIZA HORSE VALLEY,Successful,104,"€20,880","Out of €20,000",01/12/2021,175,Animal Welfare,png,4,10.0,500.0,6,71,190,https://www.kisskissbankbank.com/en/users/jean-patrick-capdevielle,fr,"Sauvons ensemble ""Ibiza Horse Valley"", le sanctuaire des chevaux libres"
2,https://www.kisskissbankbank.com/en/projects/ob2,ENREGISTREMENT DE L'ALBUM OB2 GREGORY OTT ET VINCENT BIDAL,Successful,108,"€10,750","Out of €10,000",01/12/2021,211,Indie,jpg,7,10.0,500.0,0,53,222,https://www.kisskissbankbank.com/en/users/vincent-bidal,hr,Soutenez le projet sur KissKissBankBank !
3,https://www.kisskissbankbank.com/en/projects/playschool-l-album-la-garderie,Playschool l'album : LA GARDERIE,Successful,120,"€3,595","Out of €3,000",01/12/2021,95,Indie,jpg,7,10.0,1000.0,4,22,98,https://www.kisskissbankbank.com/en/users/emmanuel-olsson,fr,"Collectif d’artistes, Playschool a besoin de vous pour financer la sortie de l'album ""La garderie"" et produire un beau clip."
4,https://www.kisskissbankbank.com/en/projects/sick16,S!CK soutient l'indépendance avec le double-numéro Gremlins,Successful,876,876 pre-orders,Out of 100,01/12/2021,312,"French manufacturing,Independent media",gif,12,14.0,225.0,10,41,325,https://www.kisskissbankbank.com/en/users/yoan-villars,fr,"164 pages, 2 couvertures et 0 publicité !"
5,https://www.kisskissbankbank.com/en/projects/teaserlappat,"TEASER Long-métrage ""L'APPÂT""",Successful,169,"€3,642","Out of €2,160",01/11/2021,62,"Anti racism,International solidarity,Independent media",jpg,5,5.0,80.0,0,11,64,https://www.kisskissbankbank.com/en/users/teaser-appat,en,"SOUTENEZ LE TOURNAGE DU TEASER DU LONG-MÉTRAGE ""L'APPÂT""."
6,https://www.kisskissbankbank.com/en/projects/en-immersion-engagee,En immersion Engagée,Successful,682,"€13,639","Out of €2,000",01/10/2021,72,"Local Development,Indie,French manufacturing",png,7,20.0,500.0,1,14,74,https://www.kisskissbankbank.com/en/users/loic-sanchez,fr,"Pré-réservez aujourd’hui votre prochaine micro-immersion en terre méconnue, aidez immédiatement un habitant."
7,https://www.kisskissbankbank.com/en/projects/route-64-le-magazine-du-jeu-d-echecs-hors-des-cases,"Route 64, la revue francophone du jeu d'échecs pour aller hors des cases",Successful,203,406 pre-orders,Out of 200,01/10/2021,172,Independent media,jpg,7,25.0,5000.0,26,34,177,https://www.kisskissbankbank.com/en/users/fabrice-hodecent,fr,"Soutenez la création de Route 64, le nouveau média francophone (128 pages) du jeu d'échecs qui veut voyager hors des cases !"
8,https://www.kisskissbankbank.com/en/projects/caremitou,"Caremitou®, maison de santé connectée qui prend soin de mon chat de chez moi !",Successful,108,27 pre-orders,Out of 25,01/10/2021,16,"Animal Welfare,Recycling,French manufacturing",gif,8,5.0,710.0,1,2,19,https://www.kisskissbankbank.com/en/users/philippe-daurenjou-4abc64ff-11d0-41d3-9bba-5a962260608e,fr,"Un bac à litière connecté, esthétique et performant qui dépiste très tôt et à mon domicile les risques de maladies de mon animal. 

"
9,https://www.kisskissbankbank.com/en/projects/pour-ceux-le-livre,"Pour Ceux Le Livre, une histoire du graffiti dans le Val de Marne",Successful,249,"€14,915","Out of €6,000",11/13/2020,269,Indie,jpg,5,10.0,200.0,8,34,271,https://www.kisskissbankbank.com/en/users/derrierelesmurs,fr,"Participez au projet d'impression du livre documentaire photo Pour Ceux, histoires du graffiti dans le Val de Marne (94)"
10,https://www.kisskissbankbank.com/en/projects/v-u-e-sur-vignes,V.U.E sur vignes - La Vinothèque [Ultra] Écoresponsable,Successful,234,"€11,700","Out of €5,000",11/12/2020,182,"Organic,Local Development,Change your life",jpg,6,10.0,300.0,5,53,199,https://www.kisskissbankbank.com/en/users/blaine,fr,"Un regard qui valorise les pratiques agroécologiques, de la terre jusqu'au verre de dégustation ..!"
11,https://www.kisskissbankbank.com/en/projects/grand-ane-noir-du-berry,Parraine un âne Grand Noir du Berry,Successful,128,"€9,585","Out of €7,500",11/12/2020,168,"Animal Welfare,Local Development",PNG,5,15.0,160.0,3,31,173,https://www.kisskissbankbank.com/en/users/florene-maciak,fr,Protège l’âne Grand Noir du Berry en voie de disparition !
12,https://www.kisskissbankbank.com/en/projects/huiles-essentielles-et-liqueurs-bio-aux-jonquieres,Huiles essentielles et liqueurs aux Jonquières,Successful,113,"€4,513","Out of €4,000",11/12/2020,57,"Organic,Local Development,French manufacturing",jpg,7,10.0,500.0,4,12,58,https://www.kisskissbankbank.com/en/users/zoe-poclet-colombier,fr,"Soutenez les petits producteurs, pour une agriculture locale et responsable "
13,https://www.kisskissbankbank.com/en/projects/berry-velo,"BERRY VÉLO, par la Grange de Léonie",Successful,337,"€11,810","Out of €3,500",11/12/2020,122,"Biodiversity,Local Development,French manufacturing",jpg,9,15.0,550.0,2,47,128,https://www.kisskissbankbank.com/en/users/mathilde-et-christophe-selin,fr,"Aidez nous a devenir un point de location de vélos incontournable au bord du canal de Berry. ça roule? 
"
14,https://www.kisskissbankbank.com/en/projects/la-sioute,La Sioute,Successful,142,"€7,120","Out of €5,000",11/12/2020,161,"Locavore,Animal Welfare,Local Development",gif,7,15.0,120.0,7,90,175,https://www.kisskissbankbank.com/en/users/marc-bortolotti,fr,Ressourcez-vous dans la mini grange du Berry !
15,https://www.kisskissbankbank.com/en/projects/pillivuyt,Discovering an industrial heritage: Pillivuyt's guided tours,Successful,103,"€10,306","Out of €10,000",11/12/2020,78,"Local Development,French manufacturing",gif,7,15.0,165.0,2,21,87,https://www.kisskissbankbank.com/en/users/claire-calvarin,en,Visit the manufacture and discover an ancestral know-how !
16,https://www.kisskissbankbank.com/en/projects/s-envoler-au-fil-d-ariane,S'envoler au fil d'Ariane : parapente treuillé,Successful,132,"€10,560","Out of €8,000",11/12/2020,109,"Local Development,French manufacturing",jpg,5,10.0,1000.0,2,30,115,https://www.kisskissbankbank.com/en/users/xavier-bouquet,fr,Survolez le Sancerrois en parapente au fil du treuil.
17,https://www.kisskissbankbank.com/en/projects/cherlock-enquete,L'enquête Cherlock,Successful,274,"€13,700","Out of €5,000",11/12/2020,267,"Local Development,French manufacturing,Education",gif,6,15.0,500.0,6,67,289,https://www.kisskissbankbank.com/en/users/sophie-clement-bouakkaz,fr,"Un jeu de piste inédit autour du patrimoine à l'échelle du département du Cher, proposé par Les Mystères de Bourges"
18,https://www.kisskissbankbank.com/en/projects/la-cabane-de-vigne,The vineyard hut,Successful,161,"€6,434","Out of €4,000",11/12/2020,87,"Locavore,Local Development,French manufacturing",gif,7,15.0,500.0,9,22,92,https://www.kisskissbankbank.com/en/users/vincent-grall,en,"Take part in the restoration of a vineyard hut in an AOC Sancerre plot, and discover the secrets of the winegrowers!"
19,https://www.kisskissbankbank.com/en/projects/automnales-pierre-merat,"Sancerre. Une histoire de femmes, d'hommes et de vignes. AUTOMNALES",Successful,121,"€9,645","Out of €8,000",11/12/2020,138,Indie,jpg,8,15.0,400.0,4,18,164,https://www.kisskissbankbank.com/en/users/pierre-merat,fr,La photographie ne fige pas le temps. Elle met juste en mémoire l'instant.
20,https://www.kisskissbankbank.com/en/projects/cognac-de-charville-freres,Faire renaître les Cognacs DE CHARVILLE FRÈRES,Successful,113,"€5,460","Out of €4,850",11/12/2020,39,"French manufacturing,Change your life",jpeg,8,10.0,720.0,9,6,42,https://www.kisskissbankbank.com/en/users/thomas-forterre,da,"Rejoignez le Club ! 
#TheGoldenAgeOfCognac"
21,https://www.kisskissbankbank.com/en/projects/petit-musee-rigolo,Le Petit Musée Rigolo,Successful,110,"€6,626","Out of €6,000",11/12/2020,123,"Recycling,Indie,Change your life",jpeg,11,10.0,500.0,2,33,129,https://www.kisskissbankbank.com/en/users/eric-bergeault,fr,"Tu aimes l’humour ? Deviens fondateur(trice)  du petit Musée rigolo, un lieu unique en France et obtiens des objets collector ! "
22,https://www.kisskissbankbank.com/en/projects/epnuitmaximeraux,"Maxime Raux - EP ""NUIT""",Successful,101,"€3,045","Out of €3,000",11/11/2020,47,Indie,png,15,5.0,300.0,2,6,58,https://www.kisskissbankbank.com/en/users/maxime-raux-f086157b-ed58-4bd8-a08f-3ba2e6846928,fr,"Découvrez le Nouvel EP de Maxime Raux
"
23,https://www.kisskissbankbank.com/en/projects/laurent-pizula-1er-ep,Laurent Pizula - 1er EP,Successful,184,"€11,035","Out of €6,000",11/11/2020,160,Indie,jpg,7,10.0,1000.0,4,73,166,https://www.kisskissbankbank.com/en/users/laurent-pisula,fr,Participez au financement de mon 1er EP ! <3
24,https://www.kisskissbankbank.com/en/projects/un-frigo-de-maturation-pour-nature-viande,Un Frigo de Maturation Pour Nature Viande,Successful,222,"€4,210","Out of €1,900",11/11/2020,34,"Organic,Animal Welfare,Local Development",jpg,5,5.0,200.0,0,5,35,https://www.kisskissbankbank.com/en/users/etienne-maury-6ed1de21-45e8-490e-b0ff-b2dbb2b6b2f0,fr,Une viande maturée pour régaler vos papilles !!! 
25,https://www.kisskissbankbank.com/en/projects/ton-pot,Ton Pot' - ton mini potager bio à domicile,Successful,107,"€6,443","Out of €6,000",11/11/2020,84,"Zero waste,Organic,Local Development",jpg,9,10.0,1500.0,1,12,88,https://www.kisskissbankbank.com/en/users/chloe-berger-2,en,"Avec Ton Pot', cultive ton assiette !"
26,https://www.kisskissbankbank.com/en/projects/laboxdecharlie,La box de Charlie,Successful,107,"€3,753","Out of €3,500",11/11/2020,72,"French manufacturing,Change your life",png,7,5.0,100.0,0,21,73,https://www.kisskissbankbank.com/en/users/anne-lecomte-c6292ac6-6efc-417f-80db-c3063e7cb054,fr,"Une box, vos mains, de jolies créations "
27,https://www.kisskissbankbank.com/en/projects/table-boulangerie-engagee,"Cassava, table & boulangerie artisanale engagée",Successful,106,"€4,225","Out of €4,000",01/12/2021,42,"Organic,Locavore,Local Development",png,8,10.0,400.0,1,16,46,https://www.kisskissbankbank.com/en/users/valerie-lucas-399ca103-b417-455e-aa2f-a510af01e378,fr,Participez à la naissance de Cassava à la Réunion! Le mariage d'une boulangerie artisanale au levain et d'une table éco-responsable
28,https://www.kisskissbankbank.com/en/projects/ibiza-horse-valley,IBIZA HORSE VALLEY,Successful,104,"€20,880","Out of €20,000",01/12/2021,175,Animal Welfare,png,4,10.0,500.0,6,71,190,https://www.kisskissbankbank.com/en/users/jean-patrick-capdevielle,fr,"Sauvons ensemble ""Ibiza Horse Valley"", le sanctuaire des chevaux libres"
29,https://www.kisskissbankbank.com/en/projects/ob2,ENREGISTREMENT DE L'ALBUM OB2 GREGORY OTT ET VINCENT BIDAL,Successful,108,"€10,750","Out of €10,000",01/12/2021,211,Indie,jpg,7,10.0,500.0,0,53,222,https://www.kisskissbankbank.com/en/users/vincent-bidal,hr,Soutenez le projet sur KissKissBankBank !
30,https://www.kisskissbankbank.com/en/projects/playschool-l-album-la-garderie,Playschool l'album : LA GARDERIE,Successful,120,"€3,595","Out of €3,000",01/12/2021,95,Indie,jpg,7,10.0,1000.0,4,22,98,https://www.kisskissbankbank.com/en/users/emmanuel-olsson,fr,"Collectif d’artistes, Playschool a besoin de vous pour financer la sortie de l'album ""La garderie"" et produire un beau clip."
31,https://www.kisskissbankbank.com/en/projects/sick16,S!CK soutient l'indépendance avec le double-numéro Gremlins,Successful,876,876 pre-orders,Out of 100,01/12/2021,312,"French manufacturing,Independent media",gif,12,14.0,225.0,10,41,325,https://www.kisskissbankbank.com/en/users/yoan-villars,fr,"164 pages, 2 couvertures et 0 publicité !"
32,https://www.kisskissbankbank.com/en/projects/teaserlappat,"TEASER Long-métrage ""L'APPÂT""",Successful,169,"€3,642","Out of €2,160",01/11/2021,62,"Anti racism,International solidarity,Independent media",jpg,5,5.0,80.0,0,11,64,https://www.kisskissbankbank.com/en/users/teaser-appat,en,"SOUTENEZ LE TOURNAGE DU TEASER DU LONG-MÉTRAGE ""L'APPÂT""."
33,https://www.kisskissbankbank.com/en/projects/en-immersion-engagee,En immersion Engagée,Successful,682,"€13,639","Out of €2,000",01/10/2021,72,"Local Development,Indie,French manufacturing",png,7,20.0,500.0,1,14,74,https://www.kisskissbankbank.com/en/users/loic-sanchez,fr,"Pré-réservez aujourd’hui votre prochaine micro-immersion en terre méconnue, aidez immédiatement un habitant."
34,https://www.kisskissbankbank.com/en/projects/route-64-le-magazine-du-jeu-d-echecs-hors-des-cases,"Route 64, la revue francophone du jeu d'échecs pour aller hors des cases",Successful,203,406 pre-orders,Out of 200,01/10/2021,172,Independent media,jpg,7,25.0,5000.0,26,34,177,https://www.kisskissbankbank.com/en/users/fabrice-hodecent,fr,"Soutenez la création de Route 64, le nouveau média francophone (128 pages) du jeu d'échecs qui veut voyager hors des cases !"
35,https://www.kisskissbankbank.com/en/projects/caremitou,"Caremitou®, maison de santé connectée qui prend soin de mon chat de chez moi !",Successful,108,27 pre-orders,Out of 25,01/10/2021,16,"Animal Welfare,Recycling,French manufacturing",gif,8,5.0,710.0,1,2,19,https://www.kisskissbankbank.com/en/users/philippe-daurenjou-4abc64ff-11d0-41d3-9bba-5a962260608e,fr,"Un bac à litière connecté, esthétique et performant qui dépiste très tôt et à mon domicile les risques de maladies de mon animal. 

"
36,https://www.kisskissbankbank.com/en/projects/eva-hennin-2,abenaura Toulouse,Successful,100,"€3,005","Out of €3,000",11/08/2020,37,"Zero waste,Local Development,French manufacturing",gif,12,9.0,700.0,0,15,45,https://www.kisskissbankbank.com/en/users/eva-hennin-2,fr,support my restaurant at Arnaud Bernard in Toulouse !
37,https://www.kisskissbankbank.com/en/projects/multiplamg-stage-1000-milletipla,LE MULTIPLA LE PLUS RAPIDE DU MONDE  Multipla AMG stage 1000,Successful,2192,"€1,096,111","Out of €50,000",11/08/2020,"19,701","Indie,Independent media",JPG,6,5.0,165.0,1,3914,20447,https://www.kisskissbankbank.com/en/users/sylvain-levy,fr,Maintenant ça rigole plus.
38,https://www.kisskissbankbank.com/en/projects/ensemble-pour-pekin-2022,Ensemble pour Pékin 2022 !,Successful,124,"€8,070","Out of €6,500",11/08/2020,74,,png,11,5.0,500.0,1,11,74,https://www.kisskissbankbank.com/en/users/camille-cabrol,fr,"Avec une médaille Olympique en ligne de mire, je vous invite à partager avec moi cette aventure humaine et sportive extraordinaire ! "
39,https://www.kisskissbankbank.com/en/projects/depuiscesepaules,Depuis ces épaules,Successful,135,"€5,800","Out of €4,300",11/08/2020,93,"Indie,French manufacturing,Independent media",gif,4,15.0,120.0,3,16,96,https://www.kisskissbankbank.com/en/users/cinabre--3,fr,Soutenez le deuxième titre de Cinabre et l'édition indépendante !
40,https://www.kisskissbankbank.com/en/projects/mauname-box-creatives-patrons-de-couture,"Maunamé, Box créative & patrons de couture !",Successful,117,"€5,871","Out of €5,000",11/08/2020,108,"Local Development,French manufacturing",png,9,5.0,100.0,0,16,114,https://www.kisskissbankbank.com/en/users/coralie-troil-2,fr,Soutenez les aventures et projets créatifs de Maunamé !  ✂️ 
41,https://www.kisskissbankbank.com/en/projects/une-renaissance-avec-la-dermographie-medicale,Renaissance par la dermographie médicale,Successful,101,"€3,330","Out of €3,300",11/08/2020,26,Change your life,jpg,7,20.0,350.0,8,4,32,https://www.kisskissbankbank.com/en/users/sabine-vandewalle,fr,Collaborez à un nouveau départ avec un point final!
42,https://www.kisskissbankbank.com/en/projects/tarot-paien,Le jeu de Tarot Païen,Successful,259,259 pre-orders,Out of 100,11/08/2020,164,"Indie,French manufacturing",gif,10,20.0,120.0,6,22,165,https://www.kisskissbankbank.com/en/users/matiere-grasse,en,Matière Grasse would like to introduce a new handmade tarot cardgame for Christmas !!
43,https://www.kisskissbankbank.com/en/projects/endimusik,ENDI EP + clip Lutèce,Successful,103,"€4,130","Out of €4,000",11/08/2020,51,"Indie,French manufacturing",png,7,20.0,1000.0,0,16,52,https://www.kisskissbankbank.com/en/users/matthieu-razafindrazaka,fr,Rejoignez la team ENDI en participant au projet !
44,https://www.kisskissbankbank.com/en/projects/babalawo,BABALAWO,Successful,121,"€6,035","Out of €5,000",11/07/2020,112,"Anti racism,Biodiversity,Independent media",jpeg,7,10.0,1000.0,0,13,115,https://www.kisskissbankbank.com/en/users/sul,en,"A documentary about a healer/ fetishist that probes
the social issues of the Yoruba and the world of the invisible.
"
45,https://www.kisskissbankbank.com/en/projects/un-moment-sans-retour-le-film,UN MOMENT SANS RETOUR,Successful,102,"€25,452","Out of €25,000",11/07/2020,426,"Indie,Change your life",jpg,10,5.0,2500.0,6,57,442,https://www.kisskissbankbank.com/en/users/doc-pop-films,fr,Un long-métrage documentaire pour le cinéma au cœur du mouvement des Gilets Jaunes. Contribuez ! Participez !
46,https://www.kisskissbankbank.com/en/projects/yorimichi-tapas-bieres,"Yorimichi, nouveau restaurant tapas japonais et bières locales",Successful,110,"€6,060","Out of €5,500",11/07/2020,81,"Organic,Local Development",gif,10,10.0,500.0,0,24,84,https://www.kisskissbankbank.com/en/users/jonathan-allard,hr,Soutenez le projet sur KissKissBankBank !
47,https://www.kisskissbankbank.com/en/projects/albatross-children-education-sustainable-development,Albatross: children education to sustainable development,Successful,176,"€10,194","Out of €5,800",11/07/2020,44,"Biodiversity,Education",png,4,20.0,250.0,1,8,45,https://www.kisskissbankbank.com/en/users/ghislaine-bouillet-cordonnier,en,Support children education to sustainable development!
48,https://www.kisskissbankbank.com/en/projects/la-vigne-saphir,La vigne saphir,Successful,101,"€3,030","Out of €3,000",11/07/2020,26,"Fair Trade,Indie,Change your life",jpeg,3,10.0,50.0,1,4,26,https://www.kisskissbankbank.com/en/users/yanis-anastassios,hr,Soutenez le projet sur KissKissBankBank !
49,https://www.kisskissbankbank.com/en/projects/copeaux-du-plateau,Initiez-vous au travail du bois dans le Jura,Successful,140,"€3,080","Out of €2,200",11/07/2020,51,"French manufacturing,Education",png,7,10.0,150.0,6,9,54,https://www.kisskissbankbank.com/en/users/claude-maitre,fr,"Soutenez le lancement de l'association Les Copeaux du Plateau,  en participant aux premiers ateliers d'initiation aux techniques du bois. "
50,https://www.kisskissbankbank.com/en/projects/soutenez-l-ouverture-de-votre-magasin-de-produits-locaux,Soutenez l'ouverture de votre magasin de produits locaux,Successful,102,"€3,575","Out of €3,500",11/07/2020,48,"Organic,Locavore,Local Development",jpg,9,15.0,300.0,0,11,51,https://www.kisskissbankbank.com/en/users/maite-loriot,fr,- Alimentation du quotidien -
51,https://www.kisskissbankbank.com/en/projects/thon-mayo-tatouage-de-vetements,"Thon Mayo, tatouage de vêtements",Successful,111,"€11,084","Out of €10,000",11/07/2020,163,"Feminism,Recycling,French manufacturing",gif,8,20.0,500.0,3,34,171,https://www.kisskissbankbank.com/en/users/thon-mayo,fr,Donner une nouvelle vie aux vêtements par la broderie !
52,https://www.kisskissbankbank.com/en/projects/la-regarder-en-face,La regarder en face,Successful,100,"€4,000","Out of €4,000",11/07/2020,80,"Health and Handicap,International solidarity,Indie",png,4,5.0,50.0,0,14,80,https://www.kisskissbankbank.com/en/users/louana-nedelcou,fr,"Soutenez la série documentaire ""La regarder en face"" par Lilia Lerondeau"
53,https://www.kisskissbankbank.com/en/projects/livre-dune-crowdfunding-rockyrama,"Dune, Voyage Galactique - Le livre Rockyrama",Successful,297,742 pre-orders,Out of 250,11/07/2020,731,"Indie,Independent media",jpg,4,12.0,50.0,3,60,733,https://www.kisskissbankbank.com/en/users/rockyrama,fr,Aller simple vers la planète Arrakis.
54,https://www.kisskissbankbank.com/en/projects/katioucha,Katioucha,Successful,108,"€3,245","Out of €3,000",11/07/2020,48,Indie,jpg,4,5.0,30.0,4,13,51,https://www.kisskissbankbank.com/en/users/laura-fournier,de,Soutenez Katioucha sur KissKissBankBank !
55,https://www.kisskissbankbank.com/en/projects/les-poupees-k-l-eveil-a-la-diversite,"Les Poupées K, L'éveil à la diversité !",Successful,259,"€8,531","Out of €3,300",11/07/2020,154,"Anti racism,International solidarity,French manufacturing",GIF,8,5.0,250.0,3,37,158,https://www.kisskissbankbank.com/en/users/vanessa-naomi-assuah-kwame,fr,Des poupées Chiffon éco-responsables pour éveiller dès le plus jeune age à la diversité ♥️
56,https://www.kisskissbankbank.com/en/projects/ana-shelton-project,Ana Shelton Project,Successful,109,"€3,683","Out of €3,365",11/06/2020,53,"Local Development,Indie,French manufacturing",png,7,10.0,600.0,0,14,58,https://www.kisskissbankbank.com/en/users/ana-shelton,fr,"Bienvenue sur notre collecte musicale du projet d'album ""ANA SHELTON """
57,https://www.kisskissbankbank.com/en/projects/wholydays-le-gout-des-jours-heureux,Wholydays : Le goût des jours heureux,Successful,109,"€3,255","Out of €3,000",11/06/2020,64,"Organic,Animal Welfare,French manufacturing",png,7,2.0,300.0,3,12,67,https://www.kisskissbankbank.com/en/users/anthony-maselli,fr,"Aidez-nous à démocratiser la cuisine végétale en France et venez déguster notre cuisine végétalienne gourmande, moderne et ultra saine."
58,https://www.kisskissbankbank.com/en/projects/baghera-1-kinderbueno-0,ENFIN - Snacking du futur - Pré-commander notre premier produit en exclusivité,Successful,199,894 pre-orders,Out of 450,11/06/2020,72,"Organic,Local Development,French manufacturing",gif,2,5.0,30.0,2,17,72,https://www.kisskissbankbank.com/en/users/charles-perron-9d9274f7-1571-46cd-9a06-ca68c039babb,fr,"Des produits gourmands, naturels et sains, mais surtout non moralisateurs !
#nosocialmedia"
59,https://www.kisskissbankbank.com/en/projects/nu-atelier,nu atelier® : bijouterie unisexe éco-responsable,Successful,102,"€9,145","Out of €9,000",11/05/2020,59,"Local Development,Recycling,French manufacturing",png,9,30.0,280.0,2,7,71,https://www.kisskissbankbank.com/en/users/claire-rochee,fr,Soutenez le projet sur KissKissBankBank !
60,https://www.kisskissbankbank.com/en/projects/dipongo-abonnement,DIPONGO : l'application qui fait quitter l'écran,Successful,1717,"1,717 pre-orders",Out of 100,11/04/2020,495,"French manufacturing,Education",gif,10,18.0,5000.0,9,51,525,https://www.kisskissbankbank.com/en/users/manon-roux,fr,Crée de tes mains et change le cours de l'histoire...
61,https://www.kisskissbankbank.com/en/projects/solitudes-le-livre-photographique-de-thomas-marty,"Solitudes, le livre photographique de Thomas Marty",Successful,185,"€3,692","Out of €2,000",11/04/2020,76,"Indie,French manufacturing",png,4,15.0,85.0,2,27,79,https://www.kisskissbankbank.com/en/users/thomas-marty-4,fr,Soutenez mon premier livre photographique auto-édité !
62,https://www.kisskissbankbank.com/en/projects/le-potager-de-melanie,La création d'un verger au Potager de Mélanie dans les Landes,Successful,120,"€5,381","Out of €4,500",11/03/2020,77,"Organic,Biodiversity,Locavore",png,11,10.0,500.0,26,25,95,https://www.kisskissbankbank.com/en/users/melanie-chesnais,fi,Soutenez le projet sur KissKissBankBank !
63,https://www.kisskissbankbank.com/en/projects/table-boulangerie-engagee,"Cassava, table & boulangerie artisanale engagée",Successful,106,"€4,225","Out of €4,000",01/12/2021,42,"Organic,Locavore,Local Development",png,8,10.0,400.0,1,16,46,https://www.kisskissbankbank.com/en/users/valerie-lucas-399ca103-b417-455e-aa2f-a510af01e378,fr,Participez à la naissance de Cassava à la Réunion! Le mariage d'une boulangerie artisanale au levain et d'une table éco-responsable
64,https://www.kisskissbankbank.com/en/projects/ibiza-horse-valley,IBIZA HORSE VALLEY,Successful,104,"€20,880","Out of €20,000",01/12/2021,175,Animal Welfare,png,4,10.0,500.0,6,71,190,https://www.kisskissbankbank.com/en/users/jean-patrick-capdevielle,fr,"Sauvons ensemble ""Ibiza Horse Valley"", le sanctuaire des chevaux libres"
65,https://www.kisskissbankbank.com/en/projects/ob2,ENREGISTREMENT DE L'ALBUM OB2 GREGORY OTT ET VINCENT BIDAL,Successful,108,"€10,750","Out of €10,000",01/12/2021,211,Indie,jpg,7,10.0,500.0,0,53,222,https://www.kisskissbankbank.com/en/users/vincent-bidal,fi,Soutenez le projet sur KissKissBankBank !
66,https://www.kisskissbankbank.com/en/projects/playschool-l-album-la-garderie,Playschool l'album : LA GARDERIE,Successful,120,"€3,595","Out of €3,000",01/12/2021,95,Indie,jpg,7,10.0,1000.0,4,22,98,https://www.kisskissbankbank.com/en/users/emmanuel-olsson,fr,"Collectif d’artistes, Playschool a besoin de vous pour financer la sortie de l'album ""La garderie"" et produire un beau clip."
67,https://www.kisskissbankbank.com/en/projects/sick16,S!CK soutient l'indépendance avec le double-numéro Gremlins,Successful,876,876 pre-orders,Out of 100,01/12/2021,312,"French manufacturing,Independent media",gif,12,14.0,225.0,10,41,325,https://www.kisskissbankbank.com/en/users/yoan-villars,fr,"164 pages, 2 couvertures et 0 publicité !"
68,https://www.kisskissbankbank.com/en/projects/teaserlappat,"TEASER Long-métrage ""L'APPÂT""",Successful,169,"€3,642","Out of €2,160",01/11/2021,62,"Anti racism,International solidarity,Independent media",jpg,5,5.0,80.0,0,11,64,https://www.kisskissbankbank.com/en/users/teaser-appat,en,"SOUTENEZ LE TOURNAGE DU TEASER DU LONG-MÉTRAGE ""L'APPÂT""."
69,https://www.kisskissbankbank.com/en/projects/en-immersion-engagee,En immersion Engagée,Successful,682,"€13,639","Out of €2,000",01/10/2021,72,"Local Development,Indie,French manufacturing",png,7,20.0,500.0,1,14,74,https://www.kisskissbankbank.com/en/users/loic-sanchez,fr,"Pré-réservez aujourd’hui votre prochaine micro-immersion en terre méconnue, aidez immédiatement un habitant."
70,https://www.kisskissbankbank.com/en/projects/route-64-le-magazine-du-jeu-d-echecs-hors-des-cases,"Route 64, la revue francophone du jeu d'échecs pour aller hors des cases",Successful,203,406 pre-orders,Out of 200,01/10/2021,172,Independent media,jpg,7,25.0,5000.0,26,34,177,https://www.kisskissbankbank.com/en/users/fabrice-hodecent,fr,"Soutenez la création de Route 64, le nouveau média francophone (128 pages) du jeu d'échecs qui veut voyager hors des cases !"
71,https://www.kisskissbankbank.com/en/projects/caremitou,"Caremitou®, maison de santé connectée qui prend soin de mon chat de chez moi !",Successful,108,27 pre-orders,Out of 25,01/10/2021,16,"Animal Welfare,Recycling,French manufacturing",gif,8,5.0,710.0,1,2,19,https://www.kisskissbankbank.com/en/users/philippe-daurenjou-4abc64ff-11d0-41d3-9bba-5a962260608e,fr,"Un bac à litière connecté, esthétique et performant qui dépiste très tôt et à mon domicile les risques de maladies de mon animal. 

"
72,https://www.kisskissbankbank.com/en/projects/le-mystere-de-paris,Le Voyage d'Akeane Tome -1 : Le Mystère de Paris,Successful,201,"€5,022","Out of €2,500",10/31/2020,119,Indie,jpg,5,7.0,500.0,0,25,132,https://www.kisskissbankbank.com/en/users/clementine-mellier,fr,"Grâce à vous, Le Mystère de Paris sort sous forme d'un album !"
73,https://www.kisskissbankbank.com/en/projects/maryla,"MARYLA, un film de Guillaume Heulard",Successful,116,"€4,650","Out of €4,000",10/31/2020,48,Indie,png,7,10.0,1000.0,4,5,55,https://www.kisskissbankbank.com/en/users/guillaume-heulard,en,Support the horror short film project: Maryla! Help us to complete the financing of the film :)
74,https://www.kisskissbankbank.com/en/projects/les-accessoires-qui-ont-du-chien,LES ACCESSOIRES QUI ONT DU CHIEN,Successful,101,"€4,040","Out of €4,000",10/31/2020,15,,jpg,4,20.0,500.0,0,9,16,https://www.kisskissbankbank.com/en/users/maela-descamps,fr,Les accessoires qui ont du chien ! MADE FOR DOG LOVERS
75,https://www.kisskissbankbank.com/en/projects/foodtruck-de-pizzas-napolitaines,PATAPUM - Foodtruck de Pizzas Napolitaines,Successful,157,"€4,702","Out of €3,000",10/31/2020,92,Organic,gif,6,5.0,400.0,6,24,98,https://www.kisskissbankbank.com/en/users/lois-desjardins,en,Objectif 150% 
76,https://www.kisskissbankbank.com/en/projects/arbres_champ_des_possibles,"Ensemble, plantons des arbres fruitiers pour la ferme des Bruyères !",Successful,138,"€5,110","Out of €3,700",10/30/2020,73,"Organic,Biodiversity,Locavore",png,6,10.0,200.0,13,11,76,https://www.kisskissbankbank.com/en/users/emilie-pascal,fr,Un projet participatif et citoyen pour planter 80 arbres et arbustes !
77,https://www.kisskissbankbank.com/en/projects/les-fondus-de-street-art-ont-leur-reference,The 2020 Guide to Contemporary Urban Art : Printing process starts ,Successful,118,"€11,760","Out of €10,000",10/30/2020,217,Independent media,jpg,19,8.0,360.0,9,21,223,https://www.kisskissbankbank.com/en/users/eludut-eric,en,Street art fans have their reference
78,https://www.kisskissbankbank.com/en/projects/album-armandeferrywilczek,1er Album - Armande Ferry-Wilczek ,Successful,111,"€3,337","Out of €3,000",10/30/2020,69,French manufacturing,jpg,8,12.0,350.0,0,20,70,https://www.kisskissbankbank.com/en/users/armande-ferry-wilczek,fr,"Soutenez le 1er album d'Armande Ferry-Wilczek ""Qui naît dort plus""  - Chanson Française et du Monde"
79,https://www.kisskissbankbank.com/en/projects/hellomadoucenicoleguidi,Déshabillés d'Art.,Successful,107,"€3,749","Out of €3,500",10/29/2020,44,"Local Development,Indie",jpg,10,10.0,600.0,2,13,44,https://www.kisskissbankbank.com/en/users/camille-padovani,fr,Participez au lancement d'une ligne de produits associant la mode à l'art graphique. 
80,https://www.kisskissbankbank.com/en/projects/lespasseurslemag,"Les Passeurs, un magazine fablab pour imaginer la vie en montagne demain",Successful,114,"€17,076","Out of €15,000",10/29/2020,310,"Local Development,Indie,Independent media",jpg,9,5.0,5000.0,0,40,310,https://www.kisskissbankbank.com/en/users/laureline-chopard-b3640651-8e4e-404e-91c8-8763a9fe9c23,fr,Contrebande d'imaginaires en montagne
81,https://www.kisskissbankbank.com/en/projects/table-boulangerie-engagee,"Cassava, table & boulangerie artisanale engagée",Successful,106,"€4,225","Out of €4,000",01/12/2021,42,"Organic,Locavore,Local Development",png,8,10.0,400.0,1,16,46,https://www.kisskissbankbank.com/en/users/valerie-lucas-399ca103-b417-455e-aa2f-a510af01e378,fr,Participez à la naissance de Cassava à la Réunion! Le mariage d'une boulangerie artisanale au levain et d'une table éco-responsable
82,https://www.kisskissbankbank.com/en/projects/ibiza-horse-valley,IBIZA HORSE VALLEY,Successful,104,"€20,880","Out of €20,000",01/12/2021,175,Animal Welfare,png,4,10.0,500.0,6,71,190,https://www.kisskissbankbank.com/en/users/jean-patrick-capdevielle,fr,"Sauvons ensemble ""Ibiza Horse Valley"", le sanctuaire des chevaux libres"
83,https://www.kisskissbankbank.com/en/projects/ob2,ENREGISTREMENT DE L'ALBUM OB2 GREGORY OTT ET VINCENT BIDAL,Successful,108,"€10,750","Out of €10,000",01/12/2021,211,Indie,jpg,7,10.0,500.0,0,53,222,https://www.kisskissbankbank.com/en/users/vincent-bidal,fr,Soutenez le projet sur KissKissBankBank !
84,https://www.kisskissbankbank.com/en/projects/playschool-l-album-la-garderie,Playschool l'album : LA GARDERIE,Successful,120,"€3,595","Out of €3,000",01/12/2021,95,Indie,jpg,7,10.0,1000.0,4,22,98,https://www.kisskissbankbank.com/en/users/emmanuel-olsson,fr,"Collectif d’artistes, Playschool a besoin de vous pour financer la sortie de l'album ""La garderie"" et produire un beau clip."
85,https://www.kisskissbankbank.com/en/projects/sick16,S!CK soutient l'indépendance avec le double-numéro Gremlins,Successful,876,876 pre-orders,Out of 100,01/12/2021,312,"French manufacturing,Independent media",gif,12,14.0,225.0,10,41,325,https://www.kisskissbankbank.com/en/users/yoan-villars,fr,"164 pages, 2 couvertures et 0 publicité !"
86,https://www.kisskissbankbank.com/en/projects/teaserlappat,"TEASER Long-métrage ""L'APPÂT""",Successful,169,"€3,642","Out of €2,160",01/11/2021,62,"Anti racism,International solidarity,Independent media",jpg,5,5.0,80.0,0,11,64,https://www.kisskissbankbank.com/en/users/teaser-appat,en,"SOUTENEZ LE TOURNAGE DU TEASER DU LONG-MÉTRAGE ""L'APPÂT""."
87,https://www.kisskissbankbank.com/en/projects/en-immersion-engagee,En immersion Engagée,Successful,682,"€13,639","Out of €2,000",01/10/2021,72,"Local Development,Indie,French manufacturing",png,7,20.0,500.0,1,14,74,https://www.kisskissbankbank.com/en/users/loic-sanchez,fr,"Pré-réservez aujourd’hui votre prochaine micro-immersion en terre méconnue, aidez immédiatement un habitant."
88,https://www.kisskissbankbank.com/en/projects/route-64-le-magazine-du-jeu-d-echecs-hors-des-cases,"Route 64, la revue francophone du jeu d'échecs pour aller hors des cases",Successful,203,406 pre-orders,Out of 200,01/10/2021,172,Independent media,jpg,7,25.0,5000.0,26,34,177,https://www.kisskissbankbank.com/en/users/fabrice-hodecent,fr,"Soutenez la création de Route 64, le nouveau média francophone (128 pages) du jeu d'échecs qui veut voyager hors des cases !"
89,https://www.kisskissbankbank.com/en/projects/caremitou,"Caremitou®, maison de santé connectée qui prend soin de mon chat de chez moi !",Successful,108,27 pre-orders,Out of 25,01/10/2021,16,"Animal Welfare,Recycling,French manufacturing",gif,8,5.0,710.0,1,2,19,https://www.kisskissbankbank.com/en/users/philippe-daurenjou-4abc64ff-11d0-41d3-9bba-5a962260608e,fr,"Un bac à litière connecté, esthétique et performant qui dépiste très tôt et à mon domicile les risques de maladies de mon animal. 

"
